,Player,Number,Position,Height
0,JaylenAdams,10,Guard,6 ft 2 in | 190 lbs
1,JustinAnderson,1,Guard-Forward,6 ft 6 in | 230 lbs
2,KentBazemore,24,Guard,6 ft 5 in | 201 lbs
3,DeAndre'Bembry,95,Forward,6 ft 6 in | 210 lbs
4,VinceCarter,15,Forward-Guard,6 ft 6 in | 220 lbs
5,JohnCollins,20,Forward-Center,6 ft 10 in | 235 lbs
6,DewayneDedmon,14,Center,7 ft 0 in | 245 lbs
7,KevinHuerter,3,Guard,6 ft 7 in | 190 lbs
8,IsaacHumphries,8,Center,7 ft 0 in | 260 lbs
9,AlexLen,25,Center,7 ft 1 in | 250 lbs
10,MilesPlumlee,18,Center,6 ft 11 in | 249 lbs
11,AlexPoythress,22,Forward,6 ft 9 in | 235 lbs
12,TaureanPrince,12,Forward,6 ft 8 in | 220 lbs
13,OmariSpellman,6,Forward,6 ft 9 in | 245 lbs
14,TraeYoung,11,Guard,6 ft 2 in | 180 lbs
15,JaylenAdams,10,Guard,6 ft 2 in | 190 lbs
16,JustinAnderson,1,Guard-Forward,6 ft 6 in | 230 lbs
17,KentBazemore,24,Guard,6 ft 5 in | 201 lbs
18,DeAndre'Bembry,95,Forward,6 ft 6 in | 210 lbs
19,VinceCarter,15,Forward-Guard,6 ft 6 in | 220 lbs
20,JohnCollins,20,Forward-Center,6 ft 10 in | 235 lbs
21,DewayneDedmon,14,Center,7 ft 0 in | 245 lbs
22,KevinHuerter,3,Guard,6 ft 7 in | 190 lbs
23,IsaacHumphries,8,Center,7 ft 0 in | 260 lbs
24,AlexLen,25,Center,7 ft 1 in | 250 lbs
25,MilesPlumlee,18,Center,6 ft 11 in | 249 lbs
26,AlexPoythress,22,Forward,6 ft 9 in | 235 lbs
27,TaureanPrince,12,Forward,6 ft 8 in | 220 lbs
28,OmariSpellman,6,Forward,6 ft 9 in | 245 lbs
29,TraeYoung,11,Guard,6 ft 2 in | 180 lbs
30,JaylenAdams,10,Guard,6 ft 2 in | 190 lbs
31,JustinAnderson,1,Guard-Forward,6 ft 6 in | 230 lbs
32,KentBazemore,24,Guard,6 ft 5 in | 201 lbs
33,DeAndre'Bembry,95,Forward,6 ft 6 in | 210 lbs
34,VinceCarter,15,Forward-Guard,6 ft 6 in | 220 lbs
35,JohnCollins,20,Forward-Center,6 ft 10 in | 235 lbs
36,DewayneDedmon,14,Center,7 ft 0 in | 245 lbs
37,KevinHuerter,3,Guard,6 ft 7 in | 190 lbs
38,IsaacHumphries,8,Center,7 ft 0 in | 260 lbs
39,AlexLen,25,Center,7 ft 1 in | 250 lbs
40,MilesPlumlee,18,Center,6 ft 11 in | 249 lbs
41,AlexPoythress,22,Forward,6 ft 9 in | 235 lbs
42,TaureanPrince,12,Forward,6 ft 8 in | 220 lbs
43,OmariSpellman,6,Forward,6 ft 9 in | 245 lbs
44,TraeYoung,11,Guard,6 ft 2 in | 180 lbs
45,JaylenAdams,10,Guard,6 ft 2 in | 190 lbs
46,JustinAnderson,1,Guard-Forward,6 ft 6 in | 230 lbs
47,KentBazemore,24,Guard,6 ft 5 in | 201 lbs
48,DeAndre'Bembry,95,Forward,6 ft 6 in | 210 lbs
49,VinceCarter,15,Forward-Guard,6 ft 6 in | 220 lbs
50,JohnCollins,20,Forward-Center,6 ft 10 in | 235 lbs
51,DewayneDedmon,14,Center,7 ft 0 in | 245 lbs
52,KevinHuerter,3,Guard,6 ft 7 in | 190 lbs
53,IsaacHumphries,8,Center,7 ft 0 in | 260 lbs
54,AlexLen,25,Center,7 ft 1 in | 250 lbs
55,MilesPlumlee,18,Center,6 ft 11 in | 249 lbs
56,AlexPoythress,22,Forward,6 ft 9 in | 235 lbs
57,TaureanPrince,12,Forward,6 ft 8 in | 220 lbs
58,OmariSpellman,6,Forward,6 ft 9 in | 245 lbs
59,TraeYoung,11,Guard,6 ft 2 in | 180 lbs
60,JaylenAdams,10,Guard,6 ft 2 in | 190 lbs
61,JustinAnderson,1,Guard-Forward,6 ft 6 in | 230 lbs
62,KentBazemore,24,Guard,6 ft 5 in | 201 lbs
63,DeAndre'Bembry,95,Forward,6 ft 6 in | 210 lbs
64,VinceCarter,15,Forward-Guard,6 ft 6 in | 220 lbs
65,JohnCollins,20,Forward-Center,6 ft 10 in | 235 lbs
66,DewayneDedmon,14,Center,7 ft 0 in | 245 lbs
67,KevinHuerter,3,Guard,6 ft 7 in | 190 lbs
68,IsaacHumphries,8,Center,7 ft 0 in | 260 lbs
69,AlexLen,25,Center,7 ft 1 in | 250 lbs
70,MilesPlumlee,18,Center,6 ft 11 in | 249 lbs
71,AlexPoythress,22,Forward,6 ft 9 in | 235 lbs
72,TaureanPrince,12,Forward,6 ft 8 in | 220 lbs
73,OmariSpellman,6,Forward,6 ft 9 in | 245 lbs
74,TraeYoung,11,Guard,6 ft 2 in | 180 lbs
75,JaylenAdams,10,Guard,6 ft 2 in | 190 lbs
76,JustinAnderson,1,Guard-Forward,6 ft 6 in | 230 lbs
77,KentBazemore,24,Guard,6 ft 5 in | 201 lbs
78,DeAndre'Bembry,95,Forward,6 ft 6 in | 210 lbs
79,VinceCarter,15,Forward-Guard,6 ft 6 in | 220 lbs
80,JohnCollins,20,Forward-Center,6 ft 10 in | 235 lbs
81,DewayneDedmon,14,Center,7 ft 0 in | 245 lbs
82,KevinHuerter,3,Guard,6 ft 7 in | 190 lbs
83,IsaacHumphries,8,Center,7 ft 0 in | 260 lbs
84,AlexLen,25,Center,7 ft 1 in | 250 lbs
85,MilesPlumlee,18,Center,6 ft 11 in | 249 lbs
86,AlexPoythress,22,Forward,6 ft 9 in | 235 lbs
87,TaureanPrince,12,Forward,6 ft 8 in | 220 lbs
88,OmariSpellman,6,Forward,6 ft 9 in | 245 lbs
89,TraeYoung,11,Guard,6 ft 2 in | 180 lbs
90,JaylenAdams,10,Guard,6 ft 2 in | 190 lbs
91,JustinAnderson,1,Guard-Forward,6 ft 6 in | 230 lbs
92,KentBazemore,24,Guard,6 ft 5 in | 201 lbs
93,DeAndre'Bembry,95,Forward,6 ft 6 in | 210 lbs
94,VinceCarter,15,Forward-Guard,6 ft 6 in | 220 lbs
95,JohnCollins,20,Forward-Center,6 ft 10 in | 235 lbs
96,DewayneDedmon,14,Center,7 ft 0 in | 245 lbs
97,KevinHuerter,3,Guard,6 ft 7 in | 190 lbs
98,IsaacHumphries,8,Center,7 ft 0 in | 260 lbs
99,AlexLen,25,Center,7 ft 1 in | 250 lbs
100,MilesPlumlee,18,Center,6 ft 11 in | 249 lbs
101,AlexPoythress,22,Forward,6 ft 9 in | 235 lbs
102,TaureanPrince,12,Forward,6 ft 8 in | 220 lbs
103,OmariSpellman,6,Forward,6 ft 9 in | 245 lbs
104,TraeYoung,11,Guard,6 ft 2 in | 180 lbs
105,JaylenAdams,10,Guard,6 ft 2 in | 190 lbs
106,JustinAnderson,1,Guard-Forward,6 ft 6 in | 230 lbs
107,KentBazemore,24,Guard,6 ft 5 in | 201 lbs
108,DeAndre'Bembry,95,Forward,6 ft 6 in | 210 lbs
109,VinceCarter,15,Forward-Guard,6 ft 6 in | 220 lbs
110,JohnCollins,20,Forward-Center,6 ft 10 in | 235 lbs
111,DewayneDedmon,14,Center,7 ft 0 in | 245 lbs
112,KevinHuerter,3,Guard,6 ft 7 in | 190 lbs
113,IsaacHumphries,8,Center,7 ft 0 in | 260 lbs
114,AlexLen,25,Center,7 ft 1 in | 250 lbs
115,MilesPlumlee,18,Center,6 ft 11 in | 249 lbs
116,AlexPoythress,22,Forward,6 ft 9 in | 235 lbs
117,TaureanPrince,12,Forward,6 ft 8 in | 220 lbs
118,OmariSpellman,6,Forward,6 ft 9 in | 245 lbs
119,TraeYoung,11,Guard,6 ft 2 in | 180 lbs
120,JaylenAdams,10,Guard,6 ft 2 in | 190 lbs
121,JustinAnderson,1,Guard-Forward,6 ft 6 in | 230 lbs
122,KentBazemore,24,Guard,6 ft 5 in | 201 lbs
123,DeAndre'Bembry,95,Forward,6 ft 6 in | 210 lbs
124,VinceCarter,15,Forward-Guard,6 ft 6 in | 220 lbs
125,JohnCollins,20,Forward-Center,6 ft 10 in | 235 lbs
126,DewayneDedmon,14,Center,7 ft 0 in | 245 lbs
127,KevinHuerter,3,Guard,6 ft 7 in | 190 lbs
128,IsaacHumphries,8,Center,7 ft 0 in | 260 lbs
129,AlexLen,25,Center,7 ft 1 in | 250 lbs
130,MilesPlumlee,18,Center,6 ft 11 in | 249 lbs
131,AlexPoythress,22,Forward,6 ft 9 in | 235 lbs
132,TaureanPrince,12,Forward,6 ft 8 in | 220 lbs
133,OmariSpellman,6,Forward,6 ft 9 in | 245 lbs
134,TraeYoung,11,Guard,6 ft 2 in | 180 lbs
135,JaylenAdams,10,Guard,6 ft 2 in | 190 lbs
136,JustinAnderson,1,Guard-Forward,6 ft 6 in | 230 lbs
137,KentBazemore,24,Guard,6 ft 5 in | 201 lbs
138,DeAndre'Bembry,95,Forward,6 ft 6 in | 210 lbs
139,VinceCarter,15,Forward-Guard,6 ft 6 in | 220 lbs
140,JohnCollins,20,Forward-Center,6 ft 10 in | 235 lbs
141,DewayneDedmon,14,Center,7 ft 0 in | 245 lbs
142,KevinHuerter,3,Guard,6 ft 7 in | 190 lbs
143,IsaacHumphries,8,Center,7 ft 0 in | 260 lbs
144,AlexLen,25,Center,7 ft 1 in | 250 lbs
145,MilesPlumlee,18,Center,6 ft 11 in | 249 lbs
146,AlexPoythress,22,Forward,6 ft 9 in | 235 lbs
147,TaureanPrince,12,Forward,6 ft 8 in | 220 lbs
148,OmariSpellman,6,Forward,6 ft 9 in | 245 lbs
149,TraeYoung,11,Guard,6 ft 2 in | 180 lbs
150,JaylenAdams,10,Guard,6 ft 2 in | 190 lbs
151,JustinAnderson,1,Guard-Forward,6 ft 6 in | 230 lbs
152,KentBazemore,24,Guard,6 ft 5 in | 201 lbs
153,DeAndre'Bembry,95,Forward,6 ft 6 in | 210 lbs
154,VinceCarter,15,Forward-Guard,6 ft 6 in | 220 lbs
155,JohnCollins,20,Forward-Center,6 ft 10 in | 235 lbs
156,DewayneDedmon,14,Center,7 ft 0 in | 245 lbs
157,KevinHuerter,3,Guard,6 ft 7 in | 190 lbs
158,IsaacHumphries,8,Center,7 ft 0 in | 260 lbs
159,AlexLen,25,Center,7 ft 1 in | 250 lbs
160,MilesPlumlee,18,Center,6 ft 11 in | 249 lbs
161,AlexPoythress,22,Forward,6 ft 9 in | 235 lbs
162,TaureanPrince,12,Forward,6 ft 8 in | 220 lbs
163,OmariSpellman,6,Forward,6 ft 9 in | 245 lbs
164,TraeYoung,11,Guard,6 ft 2 in | 180 lbs
165,JaylenAdams,10,Guard,6 ft 2 in | 190 lbs
166,JustinAnderson,1,Guard-Forward,6 ft 6 in | 230 lbs
167,KentBazemore,24,Guard,6 ft 5 in | 201 lbs
168,DeAndre'Bembry,95,Forward,6 ft 6 in | 210 lbs
169,VinceCarter,15,Forward-Guard,6 ft 6 in | 220 lbs
170,JohnCollins,20,Forward-Center,6 ft 10 in | 235 lbs
171,DewayneDedmon,14,Center,7 ft 0 in | 245 lbs
172,KevinHuerter,3,Guard,6 ft 7 in | 190 lbs
173,IsaacHumphries,8,Center,7 ft 0 in | 260 lbs
174,AlexLen,25,Center,7 ft 1 in | 250 lbs
175,MilesPlumlee,18,Center,6 ft 11 in | 249 lbs
176,AlexPoythress,22,Forward,6 ft 9 in | 235 lbs
177,TaureanPrince,12,Forward,6 ft 8 in | 220 lbs
178,OmariSpellman,6,Forward,6 ft 9 in | 245 lbs
179,TraeYoung,11,Guard,6 ft 2 in | 180 lbs
180,JaylenAdams,10,Guard,6 ft 2 in | 190 lbs
181,JustinAnderson,1,Guard-Forward,6 ft 6 in | 230 lbs
182,KentBazemore,24,Guard,6 ft 5 in | 201 lbs
183,DeAndre'Bembry,95,Forward,6 ft 6 in | 210 lbs
184,VinceCarter,15,Forward-Guard,6 ft 6 in | 220 lbs
185,JohnCollins,20,Forward-Center,6 ft 10 in | 235 lbs
186,DewayneDedmon,14,Center,7 ft 0 in | 245 lbs
187,KevinHuerter,3,Guard,6 ft 7 in | 190 lbs
188,IsaacHumphries,8,Center,7 ft 0 in | 260 lbs
189,AlexLen,25,Center,7 ft 1 in | 250 lbs
190,MilesPlumlee,18,Center,6 ft 11 in | 249 lbs
191,AlexPoythress,22,Forward,6 ft 9 in | 235 lbs
192,TaureanPrince,12,Forward,6 ft 8 in | 220 lbs
193,OmariSpellman,6,Forward,6 ft 9 in | 245 lbs
194,TraeYoung,11,Guard,6 ft 2 in | 180 lbs
195,JaylenAdams,10,Guard,6 ft 2 in | 190 lbs
196,JustinAnderson,1,Guard-Forward,6 ft 6 in | 230 lbs
197,KentBazemore,24,Guard,6 ft 5 in | 201 lbs
198,DeAndre'Bembry,95,Forward,6 ft 6 in | 210 lbs
199,VinceCarter,15,Forward-Guard,6 ft 6 in | 220 lbs
200,JohnCollins,20,Forward-Center,6 ft 10 in | 235 lbs
201,DewayneDedmon,14,Center,7 ft 0 in | 245 lbs
202,KevinHuerter,3,Guard,6 ft 7 in | 190 lbs
203,IsaacHumphries,8,Center,7 ft 0 in | 260 lbs
204,AlexLen,25,Center,7 ft 1 in | 250 lbs
205,MilesPlumlee,18,Center,6 ft 11 in | 249 lbs
206,AlexPoythress,22,Forward,6 ft 9 in | 235 lbs
207,TaureanPrince,12,Forward,6 ft 8 in | 220 lbs
208,OmariSpellman,6,Forward,6 ft 9 in | 245 lbs
209,TraeYoung,11,Guard,6 ft 2 in | 180 lbs
210,JaylenAdams,10,Guard,6 ft 2 in | 190 lbs
211,JustinAnderson,1,Guard-Forward,6 ft 6 in | 230 lbs
212,KentBazemore,24,Guard,6 ft 5 in | 201 lbs
213,DeAndre'Bembry,95,Forward,6 ft 6 in | 210 lbs
214,VinceCarter,15,Forward-Guard,6 ft 6 in | 220 lbs
215,JohnCollins,20,Forward-Center,6 ft 10 in | 235 lbs
216,DewayneDedmon,14,Center,7 ft 0 in | 245 lbs
217,KevinHuerter,3,Guard,6 ft 7 in | 190 lbs
218,IsaacHumphries,8,Center,7 ft 0 in | 260 lbs
219,AlexLen,25,Center,7 ft 1 in | 250 lbs
220,MilesPlumlee,18,Center,6 ft 11 in | 249 lbs
221,AlexPoythress,22,Forward,6 ft 9 in | 235 lbs
222,TaureanPrince,12,Forward,6 ft 8 in | 220 lbs
223,OmariSpellman,6,Forward,6 ft 9 in | 245 lbs
224,TraeYoung,11,Guard,6 ft 2 in | 180 lbs
225,JaylenAdams,10,Guard,6 ft 2 in | 190 lbs
226,JustinAnderson,1,Guard-Forward,6 ft 6 in | 230 lbs
227,KentBazemore,24,Guard,6 ft 5 in | 201 lbs
228,DeAndre'Bembry,95,Forward,6 ft 6 in | 210 lbs
229,VinceCarter,15,Forward-Guard,6 ft 6 in | 220 lbs
230,JohnCollins,20,Forward-Center,6 ft 10 in | 235 lbs
231,DewayneDedmon,14,Center,7 ft 0 in | 245 lbs
232,KevinHuerter,3,Guard,6 ft 7 in | 190 lbs
233,IsaacHumphries,8,Center,7 ft 0 in | 260 lbs
234,AlexLen,25,Center,7 ft 1 in | 250 lbs
235,MilesPlumlee,18,Center,6 ft 11 in | 249 lbs
236,AlexPoythress,22,Forward,6 ft 9 in | 235 lbs
237,TaureanPrince,12,Forward,6 ft 8 in | 220 lbs
238,OmariSpellman,6,Forward,6 ft 9 in | 245 lbs
239,TraeYoung,11,Guard,6 ft 2 in | 180 lbs
240,JaylenAdams,10,Guard,6 ft 2 in | 190 lbs
241,JustinAnderson,1,Guard-Forward,6 ft 6 in | 230 lbs
242,KentBazemore,24,Guard,6 ft 5 in | 201 lbs
243,DeAndre'Bembry,95,Forward,6 ft 6 in | 210 lbs
244,VinceCarter,15,Forward-Guard,6 ft 6 in | 220 lbs
245,JohnCollins,20,Forward-Center,6 ft 10 in | 235 lbs
246,DewayneDedmon,14,Center,7 ft 0 in | 245 lbs
247,KevinHuerter,3,Guard,6 ft 7 in | 190 lbs
248,IsaacHumphries,8,Center,7 ft 0 in | 260 lbs
249,AlexLen,25,Center,7 ft 1 in | 250 lbs
250,MilesPlumlee,18,Center,6 ft 11 in | 249 lbs
251,AlexPoythress,22,Forward,6 ft 9 in | 235 lbs
252,TaureanPrince,12,Forward,6 ft 8 in | 220 lbs
253,OmariSpellman,6,Forward,6 ft 9 in | 245 lbs
254,TraeYoung,11,Guard,6 ft 2 in | 180 lbs
255,JaylenAdams,10,Guard,6 ft 2 in | 190 lbs
256,JustinAnderson,1,Guard-Forward,6 ft 6 in | 230 lbs
257,KentBazemore,24,Guard,6 ft 5 in | 201 lbs
258,DeAndre'Bembry,95,Forward,6 ft 6 in | 210 lbs
259,VinceCarter,15,Forward-Guard,6 ft 6 in | 220 lbs
260,JohnCollins,20,Forward-Center,6 ft 10 in | 235 lbs
261,DewayneDedmon,14,Center,7 ft 0 in | 245 lbs
262,KevinHuerter,3,Guard,6 ft 7 in | 190 lbs
263,IsaacHumphries,8,Center,7 ft 0 in | 260 lbs
264,AlexLen,25,Center,7 ft 1 in | 250 lbs
265,MilesPlumlee,18,Center,6 ft 11 in | 249 lbs
266,AlexPoythress,22,Forward,6 ft 9 in | 235 lbs
267,TaureanPrince,12,Forward,6 ft 8 in | 220 lbs
268,OmariSpellman,6,Forward,6 ft 9 in | 245 lbs
269,TraeYoung,11,Guard,6 ft 2 in | 180 lbs
270,JaylenAdams,10,Guard,6 ft 2 in | 190 lbs
271,JustinAnderson,1,Guard-Forward,6 ft 6 in | 230 lbs
272,KentBazemore,24,Guard,6 ft 5 in | 201 lbs
273,DeAndre'Bembry,95,Forward,6 ft 6 in | 210 lbs
274,VinceCarter,15,Forward-Guard,6 ft 6 in | 220 lbs
275,JohnCollins,20,Forward-Center,6 ft 10 in | 235 lbs
276,DewayneDedmon,14,Center,7 ft 0 in | 245 lbs
277,KevinHuerter,3,Guard,6 ft 7 in | 190 lbs
278,IsaacHumphries,8,Center,7 ft 0 in | 260 lbs
279,AlexLen,25,Center,7 ft 1 in | 250 lbs
280,MilesPlumlee,18,Center,6 ft 11 in | 249 lbs
281,AlexPoythress,22,Forward,6 ft 9 in | 235 lbs
282,TaureanPrince,12,Forward,6 ft 8 in | 220 lbs
283,OmariSpellman,6,Forward,6 ft 9 in | 245 lbs
284,TraeYoung,11,Guard,6 ft 2 in | 180 lbs
285,JaylenAdams,10,Guard,6 ft 2 in | 190 lbs
286,JustinAnderson,1,Guard-Forward,6 ft 6 in | 230 lbs
287,KentBazemore,24,Guard,6 ft 5 in | 201 lbs
288,DeAndre'Bembry,95,Forward,6 ft 6 in | 210 lbs
289,VinceCarter,15,Forward-Guard,6 ft 6 in | 220 lbs
290,JohnCollins,20,Forward-Center,6 ft 10 in | 235 lbs
291,DewayneDedmon,14,Center,7 ft 0 in | 245 lbs
292,KevinHuerter,3,Guard,6 ft 7 in | 190 lbs
293,IsaacHumphries,8,Center,7 ft 0 in | 260 lbs
294,AlexLen,25,Center,7 ft 1 in | 250 lbs
295,MilesPlumlee,18,Center,6 ft 11 in | 249 lbs
296,AlexPoythress,22,Forward,6 ft 9 in | 235 lbs
297,TaureanPrince,12,Forward,6 ft 8 in | 220 lbs
298,OmariSpellman,6,Forward,6 ft 9 in | 245 lbs
299,TraeYoung,11,Guard,6 ft 2 in | 180 lbs
300,JaylenAdams,10,Guard,6 ft 2 in | 190 lbs
301,JustinAnderson,1,Guard-Forward,6 ft 6 in | 230 lbs
302,KentBazemore,24,Guard,6 ft 5 in | 201 lbs
303,DeAndre'Bembry,95,Forward,6 ft 6 in | 210 lbs
304,VinceCarter,15,Forward-Guard,6 ft 6 in | 220 lbs
305,JohnCollins,20,Forward-Center,6 ft 10 in | 235 lbs
306,DewayneDedmon,14,Center,7 ft 0 in | 245 lbs
307,KevinHuerter,3,Guard,6 ft 7 in | 190 lbs
308,IsaacHumphries,8,Center,7 ft 0 in | 260 lbs
309,AlexLen,25,Center,7 ft 1 in | 250 lbs
310,MilesPlumlee,18,Center,6 ft 11 in | 249 lbs
311,AlexPoythress,22,Forward,6 ft 9 in | 235 lbs
312,TaureanPrince,12,Forward,6 ft 8 in | 220 lbs
313,OmariSpellman,6,Forward,6 ft 9 in | 245 lbs
314,TraeYoung,11,Guard,6 ft 2 in | 180 lbs
315,JaylenAdams,10,Guard,6 ft 2 in | 190 lbs
316,JustinAnderson,1,Guard-Forward,6 ft 6 in | 230 lbs
317,KentBazemore,24,Guard,6 ft 5 in | 201 lbs
318,DeAndre'Bembry,95,Forward,6 ft 6 in | 210 lbs
319,VinceCarter,15,Forward-Guard,6 ft 6 in | 220 lbs
320,JohnCollins,20,Forward-Center,6 ft 10 in | 235 lbs
321,DewayneDedmon,14,Center,7 ft 0 in | 245 lbs
322,KevinHuerter,3,Guard,6 ft 7 in | 190 lbs
323,IsaacHumphries,8,Center,7 ft 0 in | 260 lbs
324,AlexLen,25,Center,7 ft 1 in | 250 lbs
325,MilesPlumlee,18,Center,6 ft 11 in | 249 lbs
326,AlexPoythress,22,Forward,6 ft 9 in | 235 lbs
327,TaureanPrince,12,Forward,6 ft 8 in | 220 lbs
328,OmariSpellman,6,Forward,6 ft 9 in | 245 lbs
329,TraeYoung,11,Guard,6 ft 2 in | 180 lbs
330,JaylenAdams,10,Guard,6 ft 2 in | 190 lbs
331,JustinAnderson,1,Guard-Forward,6 ft 6 in | 230 lbs
332,KentBazemore,24,Guard,6 ft 5 in | 201 lbs
333,DeAndre'Bembry,95,Forward,6 ft 6 in | 210 lbs
334,VinceCarter,15,Forward-Guard,6 ft 6 in | 220 lbs
335,JohnCollins,20,Forward-Center,6 ft 10 in | 235 lbs
336,DewayneDedmon,14,Center,7 ft 0 in | 245 lbs
337,KevinHuerter,3,Guard,6 ft 7 in | 190 lbs
338,IsaacHumphries,8,Center,7 ft 0 in | 260 lbs
339,AlexLen,25,Center,7 ft 1 in | 250 lbs
340,MilesPlumlee,18,Center,6 ft 11 in | 249 lbs
341,AlexPoythress,22,Forward,6 ft 9 in | 235 lbs
342,TaureanPrince,12,Forward,6 ft 8 in | 220 lbs
343,OmariSpellman,6,Forward,6 ft 9 in | 245 lbs
344,TraeYoung,11,Guard,6 ft 2 in | 180 lbs
345,JaylenAdams,10,Guard,6 ft 2 in | 190 lbs
346,JustinAnderson,1,Guard-Forward,6 ft 6 in | 230 lbs
347,KentBazemore,24,Guard,6 ft 5 in | 201 lbs
348,DeAndre'Bembry,95,Forward,6 ft 6 in | 210 lbs
349,VinceCarter,15,Forward-Guard,6 ft 6 in | 220 lbs
350,JohnCollins,20,Forward-Center,6 ft 10 in | 235 lbs
351,DewayneDedmon,14,Center,7 ft 0 in | 245 lbs
352,KevinHuerter,3,Guard,6 ft 7 in | 190 lbs
353,IsaacHumphries,8,Center,7 ft 0 in | 260 lbs
354,AlexLen,25,Center,7 ft 1 in | 250 lbs
355,MilesPlumlee,18,Center,6 ft 11 in | 249 lbs
356,AlexPoythress,22,Forward,6 ft 9 in | 235 lbs
357,TaureanPrince,12,Forward,6 ft 8 in | 220 lbs
358,OmariSpellman,6,Forward,6 ft 9 in | 245 lbs
359,TraeYoung,11,Guard,6 ft 2 in | 180 lbs
360,JaylenAdams,10,Guard,6 ft 2 in | 190 lbs
361,JustinAnderson,1,Guard-Forward,6 ft 6 in | 230 lbs
362,KentBazemore,24,Guard,6 ft 5 in | 201 lbs
363,DeAndre'Bembry,95,Forward,6 ft 6 in | 210 lbs
364,VinceCarter,15,Forward-Guard,6 ft 6 in | 220 lbs
365,JohnCollins,20,Forward-Center,6 ft 10 in | 235 lbs
366,DewayneDedmon,14,Center,7 ft 0 in | 245 lbs
367,KevinHuerter,3,Guard,6 ft 7 in | 190 lbs
368,IsaacHumphries,8,Center,7 ft 0 in | 260 lbs
369,AlexLen,25,Center,7 ft 1 in | 250 lbs
370,MilesPlumlee,18,Center,6 ft 11 in | 249 lbs
371,AlexPoythress,22,Forward,6 ft 9 in | 235 lbs
372,TaureanPrince,12,Forward,6 ft 8 in | 220 lbs
373,OmariSpellman,6,Forward,6 ft 9 in | 245 lbs
374,TraeYoung,11,Guard,6 ft 2 in | 180 lbs
375,JaylenAdams,10,Guard,6 ft 2 in | 190 lbs
376,JustinAnderson,1,Guard-Forward,6 ft 6 in | 230 lbs
377,KentBazemore,24,Guard,6 ft 5 in | 201 lbs
378,DeAndre'Bembry,95,Forward,6 ft 6 in | 210 lbs
379,VinceCarter,15,Forward-Guard,6 ft 6 in | 220 lbs
380,JohnCollins,20,Forward-Center,6 ft 10 in | 235 lbs
381,DewayneDedmon,14,Center,7 ft 0 in | 245 lbs
382,KevinHuerter,3,Guard,6 ft 7 in | 190 lbs
383,IsaacHumphries,8,Center,7 ft 0 in | 260 lbs
384,AlexLen,25,Center,7 ft 1 in | 250 lbs
385,MilesPlumlee,18,Center,6 ft 11 in | 249 lbs
386,AlexPoythress,22,Forward,6 ft 9 in | 235 lbs
387,TaureanPrince,12,Forward,6 ft 8 in | 220 lbs
388,OmariSpellman,6,Forward,6 ft 9 in | 245 lbs
389,TraeYoung,11,Guard,6 ft 2 in | 180 lbs
390,JaylenAdams,10,Guard,6 ft 2 in | 190 lbs
391,JustinAnderson,1,Guard-Forward,6 ft 6 in | 230 lbs
392,KentBazemore,24,Guard,6 ft 5 in | 201 lbs
393,DeAndre'Bembry,95,Forward,6 ft 6 in | 210 lbs
394,VinceCarter,15,Forward-Guard,6 ft 6 in | 220 lbs
395,JohnCollins,20,Forward-Center,6 ft 10 in | 235 lbs
396,DewayneDedmon,14,Center,7 ft 0 in | 245 lbs
397,KevinHuerter,3,Guard,6 ft 7 in | 190 lbs
398,IsaacHumphries,8,Center,7 ft 0 in | 260 lbs
399,AlexLen,25,Center,7 ft 1 in | 250 lbs
400,MilesPlumlee,18,Center,6 ft 11 in | 249 lbs
401,AlexPoythress,22,Forward,6 ft 9 in | 235 lbs
402,TaureanPrince,12,Forward,6 ft 8 in | 220 lbs
403,OmariSpellman,6,Forward,6 ft 9 in | 245 lbs
404,TraeYoung,11,Guard,6 ft 2 in | 180 lbs
405,JaylenAdams,10,Guard,6 ft 2 in | 190 lbs
406,JustinAnderson,1,Guard-Forward,6 ft 6 in | 230 lbs
407,KentBazemore,24,Guard,6 ft 5 in | 201 lbs
408,DeAndre'Bembry,95,Forward,6 ft 6 in | 210 lbs
409,VinceCarter,15,Forward-Guard,6 ft 6 in | 220 lbs
410,JohnCollins,20,Forward-Center,6 ft 10 in | 235 lbs
411,DewayneDedmon,14,Center,7 ft 0 in | 245 lbs
412,KevinHuerter,3,Guard,6 ft 7 in | 190 lbs
413,IsaacHumphries,8,Center,7 ft 0 in | 260 lbs
414,AlexLen,25,Center,7 ft 1 in | 250 lbs
415,MilesPlumlee,18,Center,6 ft 11 in | 249 lbs
416,AlexPoythress,22,Forward,6 ft 9 in | 235 lbs
417,TaureanPrince,12,Forward,6 ft 8 in | 220 lbs
418,OmariSpellman,6,Forward,6 ft 9 in | 245 lbs
419,TraeYoung,11,Guard,6 ft 2 in | 180 lbs
420,JaylenAdams,10,Guard,6 ft 2 in | 190 lbs
421,JustinAnderson,1,Guard-Forward,6 ft 6 in | 230 lbs
422,KentBazemore,24,Guard,6 ft 5 in | 201 lbs
423,DeAndre'Bembry,95,Forward,6 ft 6 in | 210 lbs
424,VinceCarter,15,Forward-Guard,6 ft 6 in | 220 lbs
425,JohnCollins,20,Forward-Center,6 ft 10 in | 235 lbs
426,DewayneDedmon,14,Center,7 ft 0 in | 245 lbs
427,KevinHuerter,3,Guard,6 ft 7 in | 190 lbs
428,IsaacHumphries,8,Center,7 ft 0 in | 260 lbs
429,AlexLen,25,Center,7 ft 1 in | 250 lbs
430,MilesPlumlee,18,Center,6 ft 11 in | 249 lbs
431,AlexPoythress,22,Forward,6 ft 9 in | 235 lbs
432,TaureanPrince,12,Forward,6 ft 8 in | 220 lbs
433,OmariSpellman,6,Forward,6 ft 9 in | 245 lbs
434,TraeYoung,11,Guard,6 ft 2 in | 180 lbs
435,JaylenAdams,10,Guard,6 ft 2 in | 190 lbs
436,JustinAnderson,1,Guard-Forward,6 ft 6 in | 230 lbs
437,KentBazemore,24,Guard,6 ft 5 in | 201 lbs
438,DeAndre'Bembry,95,Forward,6 ft 6 in | 210 lbs
439,VinceCarter,15,Forward-Guard,6 ft 6 in | 220 lbs
440,JohnCollins,20,Forward-Center,6 ft 10 in | 235 lbs
441,DewayneDedmon,14,Center,7 ft 0 in | 245 lbs
442,KevinHuerter,3,Guard,6 ft 7 in | 190 lbs
443,IsaacHumphries,8,Center,7 ft 0 in | 260 lbs
444,AlexLen,25,Center,7 ft 1 in | 250 lbs
445,MilesPlumlee,18,Center,6 ft 11 in | 249 lbs
446,AlexPoythress,22,Forward,6 ft 9 in | 235 lbs
447,TaureanPrince,12,Forward,6 ft 8 in | 220 lbs
448,OmariSpellman,6,Forward,6 ft 9 in | 245 lbs
449,TraeYoung,11,Guard,6 ft 2 in | 180 lbs
