RANK,TITLE,RATING,YEAR,GENRE,DESCRIPTION,ACTORS,DURATION,BOXOFFICE
9.3,The Shawshank Redemption ,9.3,"14 October 1994 (USA)
",Drama,"Two imprisoned men bond over a number of years, finding solace and eventual redemption through acts of common decency.","Tim Robbins,Morgan Freeman,Bob Gunton",2h 22min,"
            $25,000,000
            
        "
8.4,3 Idiots ,8.4,Drama,Comedy,"Two friends are searching for their long lost companion. They revisit their college days and recall the memories of their friend who inspired them to think differently, even as the rest of the world called them ""idiots"".","Aamir Khan,Madhavan,Mona Singh",2h 50min,"
             $1,645,502,
, 
        "
8.3,Eternal Sunshine of the Spotless Mind ,8.3,Romance,Drama,"When their relationship turns sour, a couple undergoes a medical procedure to have each other erased from their memories.","Jim Carrey,Kate Winslet,Tom Wilkinson",1h 48min,"
            $20,000,000
            
        "
8.3,Toy Story ,8.3,Adventure,Animation,A cowboy doll is profoundly threatened and jealous when a new spaceman figure supplants him as top toy in a boy's room.,"Tom Hanks,Tim Allen,Don Rickles",1h 21min,"
            $30,000,000
            
        "
8.3,A Clockwork Orange ,8.3,Drama,Crime,"In the future, a sadistic gang leader is imprisoned and volunteers for a conduct-aversion experiment, but it doesn't go as planned.","Malcolm McDowell,Patrick Magee,Michael Bates",2h 16min,"
             £618,615
            (United Kingdom),
, 
        "
8.5,Dangal ,8.5,Biography,Action,Former wrestler,"Aamir Khan,Sakshi Tanwar,Fatima Sana Shaikh",2h 41min,"
            INR 700,000,000
            
        "
8.4,Like Stars on Earth ,8.4,Family,Drama,"An eight-year-old boy is thought to be a lazy trouble-maker, until the new art teacher has the patience and compassion to discover the real problem behind his struggles in school.","Darsheel Safary,Aamir Khan,Tisca Chopra",2h 45min,"
             $352,568,
, 
        "
8.3,Requiem for a Dream ,8.3,"15 December 2000 (USA)
",Drama,The drug-induced utopias of four Coney Island people are shattered when their addictions run deep.,"Ellen Burstyn,Jared Leto,Jennifer Connelly",1h 42min,"
             $64,770,
, 
        "
8.3,Singin' in the Rain ,8.3,Musical,Comedy,A silent film production company and cast make a difficult transition to sound.,"Gene Kelly,Donald O'Connor,Debbie Reynolds",1h 43min,"
 $8,819,028
        "
8.3,Reservoir Dogs ,8.3,Drama,Crime,"When a simple jewelry heist goes horribly wrong, the surviving criminals begin to suspect that one of them is a police informant.","Harvey Keitel,Tim Roth,Michael Madsen",1h 39min,"
            $1,200,000
            
        "
8.3,Star Wars: Episode VI - Return of the Jedi ,8.3,Adventure,Action,"After a daring mission to rescue Han Solo from Jabba the Hutt, the Rebels dispatch to Endor to destroy the second Death Star. Meanwhile, Luke struggles to help Darth Vader back from the dark side without falling into the Emperor's trap.","Mark Hamill,Harrison Ford,Carrie Fisher",2h 11min,"
            $32,500,000
            
        "
8.3,Amadeus ,8.3,Drama,Biography,"The life, success and troubles of Wolfgang Amadeus Mozart, as told by Antonio Salieri, the contemporaneous composer who was insanely jealous of Mozart's talent and claimed to have murdered him.","F. Murray Abraham,Tom Hulce,Elizabeth Berridge",2h 40min,"
            $18,000,000
            
        "
8.4,Your Name. ,8.4,Drama,Animation,"Two strangers find themselves linked in a bizarre way. When a connection forms, will distance be the only thing to keep them apart?","Ryûnosuke Kamiki,Mone Kamishiraishi,Ryô Narita",1h 46min,"
             $1,637,509,
, 
        "
8.3,M ,8.3,Mystery,Crime,"When the police in a German city are unable to catch a child-murderer, other criminals join in the manhunt.","Peter Lorre,Ellen Widmann,Inge Landgut",1h 39min,"
 $35,566, 
        "
8.1,Three Colors: Red ,8.1,Mystery,Drama,A model discovers her neighbor is keen on invading people's privacy.,"Irène Jacob,Jean-Louis Trintignant,Frédérique Feder",1h 39min,"
    
,,      
    "
8.2,Gangs of Wasseypur ,8.2,Comedy,Action,"A clash between Sultan and Shahid Khan leads to the expulsion of Khan from Wasseypur, and ignites a deadly blood feud spanning three generations.","Manoj Bajpayee,Richa Chadha,Nawazuddin Siddiqui",5h 21min,"
            INR 184,000,000
            
        "
8.1,Lagaan: Once Upon a Time in India ,8.1,Drama,Adventure,The people of a small village in Victorian India stake their future on a game of cricket against their ruthless British rulers.,"Aamir Khan,Raghuvir Yadav,Gracy Singh",3h 44min,"
            $6,000,000
            
        "
8.0,The Exorcist ,8.0,"26 December 1973 (USA)
",Horror,"When a teenage girl is possessed by a mysterious entity, her mother seeks the help of two priests to save her daughter.","Ellen Burstyn,Max von Sydow,Linda Blair",2h 2min,"
    
,      
    "
8.1,Akira ,8.1,Drama,Animation,A secret military project endangers Neo-Tokyo when it turns a biker gang member into a rampaging psychic psychopath who can only be stopped by two teenagers and a group of psychics.,"Mitsuo Iwata,Nozomu Sasaki,Mami Koyama",2h 4min,"
 $553,171
        "
8.3,2001: A Space Odyssey ,8.3,Sci-Fi,Adventure,"After discovering a mysterious artifact buried beneath the Lunar surface, mankind sets off on a quest to find its origins with help from intelligent supercomputer H.A.L. 9000.","Keir Dullea,Gary Lockwood,William Sylvester",2h 29min,"
            $12,000,000
            
        "
8.1,"Paris, Texas ",8.1,"23 August 1984 (UK)
",Drama,"Travis Henderson, an aimless drifter who has been missing for four years, wanders out of the desert and must reconnect with society, himself, his life, and his family.","Harry Dean Stanton,Nastassja Kinski,Dean Stockwell",2h 25min,"
             $22,709,
, 
        "
8.0,Beauty and the Beast ,8.0,Family,Animation,A prince cursed to spend his days as a hideous monster sets out to regain his humanity by earning a young woman's love.,"Paige O'Hara,Robby Benson,Jesse Corti",1h 24min,"
            $25,000,000
            
        "
8.0,Pirates of the Caribbean: The Curse of the Black Pearl ,8.0,Adventure,Action,"Blacksmith Will Turner teams up with eccentric pirate ""Captain"" Jack Sparrow to save his love, the governor's daughter, from Jack's former pirate allies, who are now undead.","Johnny Depp,Geoffrey Rush,Orlando Bloom",2h 23min,"
            $140,000,000
            
        "
8.1,Before Sunset ,8.1,Romance,Drama,"Nine years after Jesse and Celine first met, they encounter each other again on the French leg of Jesse's book tour.","Ethan Hawke,Julie Delpy,Vernon Dobtcheff",1h 20min,"
            $2,700,000
            
        "
8.3,Drishyam ,8.3,Drama,Crime,"Desperate measures are taken by a man who tries to save his family from the dark side of the law, after they commit an unexpected crime.","Ajay Devgn,Shriya Saran,Tabu",2h 43min,"
             $277,041,

        "
8.1,Castle in the Sky ,8.1,Adventure,Animation,A young boy and a girl with a magic crystal must race against pirates and foreign agents in a search for a legendary floating castle.,"Anna Paquin,James Van Der Beek,Cloris Leachman",2h 5min,"
      
        
    "
8.0,The Wizard of Oz ,8.0,Family,Adventure,Dorothy Gale is swept away from a farm in Kansas to a magical land of Oz in a tornado and embarks on a quest with her new friends to see the Wizard who can help her return home to Kansas and help her friends as well.,"Judy Garland,Frank Morgan,Ray Bolger",1h 42min,"
            $2,800,000
            
        "
8.0,Jaws ,8.0,Drama,Adventure,"When a killer shark unleashes chaos on a beach community, it's up to a local sheriff, a marine biologist, and an old seafarer to hunt the beast down.","Roy Scheider,Robert Shaw,Richard Dreyfuss",2h 4min,"
            $8,000,000
            
        "
8.0,Groundhog Day ,8.0,Fantasy,Comedy,A weatherman finds himself inexplicably living the same day over and over again.,"Bill Murray,Andie MacDowell,Chris Elliott",1h 41min,"
             $14,652,108,
, 
        "
8.1,The Help ,8.1,"10 August 2011 (USA)
",Drama,"An aspiring author during the civil rights movement of the 1960s decides to write a book detailing the African American maids' point of view on the white families for which they work, and the hardships they go through on a daily basis.","Emma Stone,Viola Davis,Octavia Spencer",2h 26min,"
            $25,000,000
            
        "
8.2,Raise the Red Lantern ,8.2,History,Drama,"A young woman becomes the fourth wife of a wealthy lord, and must learn to live with the strict rules and tensions within the household.","Li Gong,Jingwu Ma,Saifei He",2h 5min,"
    
,,      
    "
8.1,In the Mood for Love ,8.1,Romance,Drama,"Two neighbors, a woman and a man, form a strong bond after both suspect extramarital activities of their spouses. However, they agree to keep their bond platonic so as not to commit similar wrongs.","Tony Chiu-Wai Leung,Maggie Cheung,Ping Lam Siu",1h 38min,"
             $113,280,
, 
        "
8.1,Donnie Darko ,8.1,Sci-Fi,Drama,"A troubled teenager is plagued by visions of a man in a large rabbit suit who manipulates him to commit a series of crimes, after he narrowly escapes a bizarre accident.","Jake Gyllenhaal,Jena Malone,Mary McDonnell",1h 53min,"
    
,,      
    "
8.1,Gandhi ,8.1,Drama,Biography,"Gandhi's character is fully explained as a man of nonviolence. Through his patience, he is able to drive the British out of the subcontinent. And the stubborn nature of Jinnah and his commitment towards Pakistan is portrayed.","Ben Kingsley,John Gielgud,Rohini Hattangadi",3h 11min,"
             $131,153,
, 
        "
8.1,La Haine ,8.1,Drama,Crime,24 hours in the lives of three young men in the French suburbs the day after a violent riot.,"Vincent Cassel,Hubert Koundé,Saïd Taghmaoui",1h 38min,"
            €2,590,000
            
        "
8.1,Diabolique ,8.1,Drama,Crime,The wife and mistress of a loathed school principal hatch a plan to murder him while having the perfect alibi. They carry out the plan...but then his body disappears.,"Simone Signoret,Véra Clouzot,Paul Meurisse",1h 57min,"
  Show more on
   »
  "
8.1,The Handmaiden ,8.1,Romance,Drama,"A woman is hired as a handmaiden to a Japanese heiress, but secretly she is involved in a plot to defraud her.","Min-hee Kim,Jung-woo Ha,Jin-Woong Cho",2h 25min,"
            KRW 10,000,000,000
            
        "
8.1,Guardians of the Galaxy ,8.1,Adventure,Action,A group of intergalactic criminals must pull together to stop a fanatical warrior with plans to purge the universe.,"Chris Pratt,Vin Diesel,Bradley Cooper",2h 1min,"
            $170,000,000
            
        "
8.1,The Grapes of Wrath ,8.1,History,Drama,"A poor Midwest family is forced off their land. They travel to California, suffering the misfortunes of the homeless in the Great Depression.","Henry Fonda,Jane Darwell,John Carradine",2h 9min,"
 $55,000, 
        "
8.1,Dead Poets Society ,8.1,Drama,Comedy,English teacher John Keating inspires his students to look at poetry with a different perspective of authentic knowledge and feelings.,"Robin Williams,Robert Sean Leonard,Ethan Hawke",2h 8min,"
             $340,456,
, 
        "
8.0,The Terminator ,8.0,Sci-Fi,Action,"A seemingly indestructible robot is sent from 2029 to 1984 to assassinate a young waitress, whose unborn son will lead humanity in a war against sentient machines, while a human soldier from the same war is sent to protect her at all costs.","Arnold Schwarzenegger,Linda Hamilton,Michael Biehn",1h 47min,"
            $6,400,000
            
        "
8.1,The Maltese Falcon ,8.1,Mystery,Film-Noir,"A private detective takes on a case that involves him with three eccentric criminals, a gorgeous liar, and their quest for a priceless statuette.","Humphrey Bogart,Mary Astor,Gladys George",1h 40min,"
 $2,108,060
        "
8.1,"Monsters, Inc. ",8.1,Adventure,Animation,"In order to power the city, monsters have to scare children so that they scream. However, the children are toxic to the monsters, and after a child gets through, 2 monsters realize things may not be what they think.","Billy Crystal,John Goodman,Mary Gibbs",1h 32min,"
            $115,000,000
            
        "
8.1,Rocky ,8.1,Sport,Drama,A small-time boxer gets a supremely rare chance to fight a heavy-weight champion in a bout in which he strives to go the distance for his self-respect.,"Sylvester Stallone,Talia Shire,Burt Young",2h,"
            $960,000
            
        "
8.1,Butch Cassidy and the Sundance Kid ,8.1,Crime,Biography,"Wyoming, early 1900s. Butch Cassidy and The Sundance Kid are the leaders of a band of outlaws. After a train robbery goes wrong they find themselves on the run with a posse hard on their heels. Their solution - escape to Bolivia.","Paul Newman,Robert Redford,Katharine Ross",1h 50min,"
            $6,000,000
            
        "
8.2,Rang De Basanti ,8.2,Drama,Comedy,"The story of six young Indians who assist an English woman to film a documentary on the freedom fighters from their past, and the events that lead them to relive the long-forgotten saga of freedom.","Aamir Khan,Soha Ali Khan,Siddharth",2h 47min,"
 $2,197,331, 
        "
8.1,The Passion of Joan of Arc ,8.1,Drama,Biography,"In 1431, Jeanne d'Arc is placed on trial on charges of heresy. The ecclesiastical jurists attempt to force Jeanne to recant her claims of holy visions.","Maria Falconetti,Eugene Silvain,André Berley",1h 54min,"
 $21,877, 
        "
8.1,Barry Lyndon ,8.1,Drama,Adventure,An Irish rogue wins the heart of a rich widow and assumes her dead husband's aristocratic position in 18th-century England.,"Ryan O'Neal,Marisa Berenson,Patrick Magee",3h 5min,"
 $20,000,000, 
        "
8.1,Harry Potter and the Deathly Hallows: Part 2 ,8.1,Drama,Adventure,"Harry, Ron, and Hermione search for Voldemort's remaining Horcruxes in their effort to destroy the Dark Lord as the final battle rages on at Hogwarts.","Daniel Radcliffe,Emma Watson,Rupert Grint",2h 10min,"
            $125,000,000
            
        "
8.1,The Princess Bride ,8.1,Family,Adventure,"While home sick in bed, a young boy's grandfather reads him the story of a farmboy-turned-pirate who encounters numerous obstacles, enemies and allies in his quest to be reunited with his true love.","Cary Elwes,Mandy Patinkin,Robin Wright",1h 38min,"
            $16,000,000
            
        "
8.1,Nausicaä of the Valley of the Wind ,8.1,Adventure,Animation,Warrior and pacifist Princess Nausicaä desperately struggles to prevent two warring nations from destroying themselves and their dying planet.,"Sumi Shimamoto,Mahito Tsujimura,Hisako Kyôda",1h 57min,"
 $495,770, 
        "
8.2,Andrei Rublev ,8.2,Drama,Biography,"The life, times and afflictions of the fifteenth-century Russian iconographer.","Anatoliy Solonitsyn,Ivan Lapikov,Nikolay Grinko",3h 25min,"
             $12,807,
, 
        "
8.1,Spotlight ,8.1,Drama,Crime,"The true story of how the Boston Globe uncovered the massive scandal of child molestation and cover-up within the local Catholic Archdiocese, shaking the entire Catholic Church to its core.","Mark Ruffalo,Michael Keaton,Rachel McAdams",2h 9min,"
            $20,000,000
            
        "
8.1,The 400 Blows ,8.1,Drama,Crime,"A young boy, left without attention, delves into a life of petty crime.","Jean-Pierre Léaud,Albert Rémy,Claire Maurier",1h 39min,"
  Show more on
   »
  "
8.1,Logan ,8.1,Drama,Action,"In a future where mutants are nearly extinct, an elderly and weary Logan leads a quiet life. But when Laura, a mutant child pursued by scientists, comes to him for help, he must get her to safety.","Hugh Jackman,Patrick Stewart,Dafne Keen",2h 17min,"
            $97,000,000
            
        "
8.1,Catch Me If You Can ,8.1,Crime,Biography,"A seasoned FBI agent pursues Frank Abagnale Jr. who, before his 19th birthday, successfully forged millions of dollars' worth of checks while posing as a Pan Am pilot, a doctor, and a legal prosecutor.","Leonardo DiCaprio,Tom Hanks,Christopher Walken",2h 21min,"
            $52,000,000
            
        "
8.1,Rush ,8.1,Biography,Action,The merciless 1970s rivalry between Formula One rivals,"Daniel Brühl,Chris Hemsworth,Olivia Wilde",2h 3min,"
            $38,000,000
            
        "
8.1,Mad Max: Fury Road ,8.1,Adventure,Action,"In a post-apocalyptic wasteland, a woman rebels against a tyrannical ruler in search for her homeland with the aid of a group of female prisoners, a psychotic worshiper, and a drifter named Max.","Tom Hardy,Charlize Theron,Nicholas Hoult",2h,"
    
,,      
    "
8.1,Hachi: A Dog's Tale ,8.1,Family,Drama,A college professor bonds with an abandoned dog he takes into his home.,"Richard Gere,Joan Allen,Cary-Hiroyuki Tagawa",1h 33min,"
            $16,000,000
            
        "
8.2,Neon Genesis Evangelion: The End of Evangelion ,8.2,Action,Animation,Concurrent theatrical ending of the TV series,"Megumi Ogata,Megumi Hayashibara,Yûko Miyamura",1h 30min,"
      
        
    "
8.1,The Wages of Fear ,8.1,Drama,Adventure,"In a decrepit South American village, four men are hired to transport an urgent nitroglycerine shipment without the equipment that would make it safe.","Yves Montand,Charles Vanel,Peter van Eyck",2h 11min,"
  Show more on
   »
  "
8.3,The Bandit ,8.3,Drama,Crime,"Baran the Bandit, released from prison after 35 years searches for vengeance and his lover.","Sener Sen,Ugur Yücel,Sermin Hürmeriç",2h 8min,"
 $1,979,000, 
        "
8.1,Before Sunrise ,8.1,Romance,Drama,"A young man and woman meet on a train in Europe, and wind up spending one evening together in Vienna. Unfortunately, both know that this will probably be their only night together.","Ethan Hawke,Julie Delpy,Andrea Eckert",1h 41min,"
             $1,423,537,
, 
        "
8.1,Hotel Rwanda ,8.1,Drama,Biography,Paul Rusesabagina was a hotel manager who housed over a thousand Tutsi refugees during their struggle against the Hutu militia in Rwanda.,"Don Cheadle,Sophie Okonedo,Joaquin Phoenix",2h 1min,"
            $17,500,000
            
        "
8.1,Prisoners ,8.1,Drama,Crime,"When Keller Dover's daughter and her friend go missing, he takes matters into his own hands as the police pursue multiple leads and the pressure mounts.","Hugh Jackman,Jake Gyllenhaal,Viola Davis",2h 33min,"
            $46,000,000
            
        "
8.1,Ben-Hur ,8.1,Drama,Adventure,"When a Jewish prince is betrayed and sent into slavery by a Roman friend, he regains his freedom and comes back for revenge.","Charlton Heston,Jack Hawkins,Stephen Boyd",3h 32min,"
 $74,700,000
        "
8.1,Million Dollar Baby ,8.1,Sport,Drama,A determined woman works with a hardened boxing trainer to become a professional.,"Hilary Swank,Clint Eastwood,Morgan Freeman",2h 12min,"
            $30,000,000
            
        "
8.1,12 Years a Slave ,8.1,Drama,Biography,"In the antebellum United States,","Chiwetel Ejiofor,Michael Kenneth Williams,Michael Fassbender",2h 14min,"
            $20,000,000
            
        "
8.1,Network ,8.1,"27 November 1976 (USA)
",Drama,A television network cynically exploits a deranged former anchor's ravings and revelations about the news media for its own profit.,"Faye Dunaway,William Holden,Peter Finch",2h 1min,"
  Show more on
   »
  "
8.1,Persona ,8.1,Thriller,Drama,A nurse is put in charge of a mute actress and finds that their personae are melding together.,"Bibi Andersson,Liv Ullmann,Margaretha Krook",1h 23min,"
  Show more on
   »
  "
8.1,Into the Wild ,8.1,Biography,Adventure,"After graduating from Emory University, top student and athlete Christopher McCandless abandons his possessions, gives his entire $24,000 savings account to charity and hitchhikes to Alaska to live in the wilderness. Along the way, Christopher encounters a series of characters that shape his life.","Emile Hirsch,Vince Vaughn,Catherine Keener",2h 28min,"
            $15,000,000
            
        "
8.1,Monty Python's Life of Brian ,8.1,"17 August 1979 (USA)
",Comedy,"Born on the original Christmas in the stable next door to Jesus, Brian of Nazareth spends his life being mistaken for a messiah.","Graham Chapman,John Cleese,Michael Palin",1h 34min,"
             $140,034,
, 
        "
8.1,Memories of Murder ,8.1,Crime,Action,"In a small Korean province in 1986, three detectives struggle with the case of multiple young women being found raped and murdered by an unknown culprit.","Kang-ho Song,Sang-kyung Kim,Roe-ha Kim",2h 12min,"
            $2,800,000
            
        "
8.1,It Happened One Night ,8.1,Romance,Comedy,A spoiled heiress running away from her family is helped by a man who is actually a reporter in need of a story.,"Clark Gable,Claudette Colbert,Walter Connolly",1h 45min,"
 $4,360,000
        "
8.1,Amores Perros ,8.1,Thriller,Drama,"A horrific car accident connects three stories, each involving characters dealing with loss, regret, and life's harsh realities, all in the name of love.","Emilio Echevarría,Gael García Bernal,Goya Toledo",2h 34min,"
            $2,000,000
            
        "
8.1,In the Name of the Father ,8.1,Drama,Biography,A man's coerced confession to an IRA bombing he did not commit results in the imprisonment of his father as well. An English lawyer fights to free them.,"Daniel Day-Lewis,Pete Postlethwaite,Alison Crosbie",2h 13min,"
 $25,010,410
        "
8.1,Platoon ,8.1,War,Drama,A young soldier in Vietnam faces a moral crisis when confronted with the horrors of war and the duality of man.,"Charlie Sheen,Tom Berenger,Willem Dafoe",2h,"
            $6,000,000
            
        "
8.2,Sunrise ,8.2,Romance,Drama,An allegorical tale about a man fighting the good and evil within him. Both sides are made flesh - one a sophisticated woman he is attracted to and the other his wife.,"George O'Brien,Janet Gaynor,Margaret Livingston",1h 34min,"
  Show more on
   »
  "
8.1,Stalker ,8.1,Sci-Fi,Drama,A guide leads two men through an area known as the Zone to find a room that grants wishes.,"Alisa Freyndlikh,Aleksandr Kaydanovskiy,Anatoliy Solonitsyn",2h 42min,"
             $20,540,
, 
        "
8.1,Gone Girl ,8.1,Mystery,Drama,"With his wife's disappearance having become the focus of an intense media circus, a man sees the spotlight turned on him when it's suspected that he may not be innocent.","Ben Affleck,Rosamund Pike,Neil Patrick Harris",2h 29min,"
            $61,000,000
            
        "
8.1,The Truman Show ,8.1,Drama,Comedy,An insurance salesman discovers his whole life is actually a reality TV show.,"Jim Carrey,Ed Harris,Laura Linney",1h 43min,"
            $60,000,000
            
        "
8.1,Wild Tales ,8.1,Drama,Comedy,Six short stories that explore the extremities of human behavior involving people in distress.,"Darío Grandinetti,María Marull,Mónica Villa",2h 2min,"
            $3,300,000
            
        "
8.1,The Grand Budapest Hotel ,8.1,Comedy,Adventure,"The adventures of Gustave H, a legendary concierge at a famous hotel from the fictional Republic of Zubrowka between the first and second World Wars, and Zero Moustafa, the lobby boy who becomes his most trusted friend.","Ralph Fiennes,F. Murray Abraham,Mathieu Amalric",1h 39min,"
            $25,000,000
            
        "
8.1,Jurassic Park ,8.1,Sci-Fi,Adventure,"During a preview tour, a theme park suffers a major power breakdown that allows its cloned dinosaur exhibits to run amok.","Sam Neill,Laura Dern,Jeff Goldblum",2h 7min,"
            $63,000,000
            
        "
8.1,How to Train Your Dragon ,8.1,Action,Animation,"A hapless young Viking who aspires to hunt dragons becomes the unlikely friend of a young dragon himself, and learns there may be more to the creatures than he assumed.","Jay Baruchel,Gerard Butler,Christopher Mintz-Plasse",1h 38min,"
             $43,732,319,
, 
        "
8.1,Stand by Me ,8.1,Drama,Adventure,"After the death of a friend, a writer recounts a boyhood journey to find the body of a missing boy.","Wil Wheaton,River Phoenix,Corey Feldman",1h 29min,"
            $8,000,000
            
        "
8.1,Mary and Max ,8.1,Comedy,Animation,"A tale of friendship between two unlikely pen pals: Mary, a lonely, eight-year-old girl living in the suburbs of Melbourne, and Max, a forty-four-year old, severely obese man living in New York.","Toni Collette,Philip Seymour Hoffman,Eric Bana",1h 32min,"
            AUD 8,240,000
            
        "
8.1,Cool Hand Luke ,8.1,Drama,Crime,"A laid back Southern man is sentenced to two years in a rural prison, but refuses to conform.","Paul Newman,George Kennedy,Strother Martin",2h 7min,"
 $16,217,773
        "
8.2,Sherlock Jr. ,8.2,Comedy,Action,"A film projectionist longs to be a detective, and puts his meagre skills to work when he is framed by a rival for stealing his girlfriend's father's pocketwatch.","Buster Keaton,Kathryn McGuire,Joe Keaton",45min,"
    
      
    "
8.1,Kill Bill: Vol. 1 ,8.1,Crime,Action,"After awakening from a four-year coma, a former assassin wreaks vengeance on the team of assassins who betrayed her.","Uma Thurman,David Carradine,Daryl Hannah",1h 51min,"
            $30,000,000
            
        "
8.1,Hacksaw Ridge ,8.1,Drama,Biography,World War II American Army Medic,"Andrew Garfield,Sam Worthington,Luke Bracey",2h 19min,"
            $40,000,000
            
        "
8.1,The Big Lebowski ,8.1,Crime,Comedy,"Jeff ""The Dude"" Lebowski, mistaken for a millionaire of the same name, seeks restitution for his ruined rug and enlists his bowling buddies to help get it.","Jeff Bridges,John Goodman,Julianne Moore",1h 57min,"
             $5,533,844,
, 
        "
8.2,Tokyo Story ,8.2,"13 March 1972 (USA)
",Drama,An old couple visit their children and grandchildren in the city; but the children have little time for them.,"Chishû Ryû,Chieko Higashiyama,Sô Yamamura",2h 16min,"
  Show more on
   »
  "
8.1,Gran Torino ,8.1,"9 January 2009 (USA)
",Drama,"Disgruntled Korean War veteran Walt Kowalski sets out to reform his neighbor, a Hmong teenager who tried to steal Kowalski's prized possession: a 1972 Gran Torino.","Clint Eastwood,Bee Vang,Christopher Carley",1h 56min,"
            $33,000,000
            
        "
8.2,Come and See ,8.2,War,Drama,"After finding an old rifle, a young boy joins the Soviet resistance movement against ruthless German forces and experiences the horrors of World War II.","Aleksey Kravchenko,Olga Mironova,Liubomiras Laucevicius",2h 22min,"
  Show more on
   »
  "
8.1,Shutter Island ,8.1,Thriller,Mystery,"In 1954, a U.S. Marshal investigates the disappearance of a murderer, who escaped from a hospital for the criminally insane.","Leonardo DiCaprio,Emily Mortimer,Mark Ruffalo",2h 18min,"
             $41,062,440,
, 
        "
8.1,Finding Nemo ,8.1,Adventure,Animation,"After his son is captured in the Great Barrier Reef and taken to Sydney, a timid clownfish sets out on a journey to bring him home.","Albert Brooks,Ellen DeGeneres,Alexander Gould",1h 40min,"
            $94,000,000
            
        "
8.1,Rebecca ,8.1,Mystery,Drama,A self-conscious woman juggles adjusting to her new role as an aristocrat's wife and avoiding being intimidated by his first wife's spectral presence.,"Laurence Olivier,Joan Fontaine,George Sanders",2h 10min,"
 $4,360,000
        "
8.1,The Deer Hunter ,8.1,War,Drama,An in-depth examination of the ways in which the U.S. Vietnam War impacts and disrupts the lives of people in a small industrial town in Pennsylvania.,"Robert De Niro,Christopher Walken,John Cazale",3h 3min,"
 $48,979,328, 
        "
8.5,Andhadhun ,8.5,Thriller,Crime,A series of mysterious events change the life of a blind pianist who now must report a crime that was actually never witnessed by him.,"Ayushmann Khurrana,Tabu,Radhika Apte",2h 19min,"
            $4,500,000
            
        "
8.1,The Thing ,8.1,Mystery,Horror,A research team in Antarctica is hunted by a shape-shifting alien that assumes the appearance of its victims.,"Kurt Russell,Wilford Brimley,Keith David",1h 49min,"
             $3,107,897,
, 
        "
8.2,Gone with the Wind ,8.2,History,Drama,A manipulative woman and a roguish man conduct a turbulent romance during the American Civil War and Reconstruction periods.,"Clark Gable,Vivien Leigh,Thomas Mitchell",3h 58min,"
            $3,977,000
            
        "
8.2,Trainspotting ,8.2,"9 August 1996 (USA)
",Drama,"Renton, deeply immersed in the Edinburgh drug scene, tries to clean up and get out, despite the allure of the drugs and influence of friends.","Ewan McGregor,Ewen Bremner,Jonny Lee Miller",1h 33min,"
            $3,500,000
            
        "
8.2,The General ,8.2,Adventure,Action,"When Union spies steal an engineer's beloved locomotive, he pursues it single-handedly and straight through enemy lines.","Buster Keaton,Marion Mack,Glen Cavender",1h 7min,"
    
,      
    "
8.3,Lawrence of Arabia ,8.3,Biography,Adventure,The story of,"Peter O'Toole,Alec Guinness,Anthony Quinn",3h 36min,"
            $15,000,000
            
        "
8.1,No Country for Old Men ,8.1,Drama,Crime,Violence and mayhem ensue after a hunter stumbles upon a drug deal gone wrong and more than two million dollars in cash near the Rio Grande.,"Tommy Lee Jones,Javier Bardem,Josh Brolin",2h 2min,"
            $25,000,000
            
        "
8.1,Fargo ,8.1,Drama,Crime,Jerry Lundegaard's inept crime falls apart due to his and his henchmen's bungling and the persistent police work of the quite pregnant Marge Gunderson.,"William H. Macy,Frances McDormand,Steve Buscemi",1h 38min,"
            $7,000,000
            
        "
8.1,The Sixth Sense ,8.1,Mystery,Drama,A boy who communicates with spirits seeks the help of a disheartened child psychologist.,"Bruce Willis,Haley Joel Osment,Toni Collette",1h 47min,"
             $26,681,262,
, 
        "
8.2,Wild Strawberries ,8.2,Romance,Drama,"After living a life marked by coldness, an aging professor is forced to confront the emptiness of his existence.","Victor Sjöström,Bibi Andersson,Ingrid Thulin",1h 31min,"
  Show more on
   »
  "
8.2,Dial M for Murder ,8.2,Thriller,Crime,A tennis player frames his unfaithful wife for first-degree murder after she inadvertently hinders his plan to kill her.,"Ray Milland,Grace Kelly,Robert Cummings",1h 45min,"
             $12,562,
, 
        "
8.2,Blade Runner ,8.2,Thriller,Sci-Fi,"A blade runner must pursue and terminate four replicants who stole a ship in space, and have returned to Earth to find their creator.","Harrison Ford,Rutger Hauer,Sean Young",1h 57min,"
            $28,000,000
            
        "
8.2,There Will Be Blood ,8.2,"25 January 2008 (USA)
",Drama,"A story of family, religion, hatred, oil and madness, focusing on a turn-of-the-century prospector in the early days of the business.","Daniel Day-Lewis,Paul Dano,Ciarán Hinds",2h 38min,"
            $25,000,000
            
        "
8.2,V for Vendetta ,8.2,Drama,Action,"In a future British tyranny, a shadowy freedom fighter, known only by the alias of ""V"", plots to overthrow it with the help of a young woman.","Hugo Weaving,Natalie Portman,Rupert Graves",2h 12min,"
            $54,000,000
            
        "
8.2,Room ,8.2,Thriller,Drama,"Held captive for 7 years in an enclosed space, a woman and her young son finally gain their freedom, allowing the boy to experience the outside world for the first time.","Brie Larson,Jacob Tremblay,Sean Bridgers",1h 58min,"
            $13,000,000
            
        "
8.2,Mr. Smith Goes to Washington ,8.2,Drama,Comedy,"A naive man is appointed to fill a vacancy in the United States Senate. His plans promptly collide with political corruption, but he doesn't back down.","James Stewart,Jean Arthur,Claude Rains",2h 9min,"
 $9,600,000
        "
8.2,The Elephant Man ,8.2,Drama,Biography,"A Victorian surgeon rescues a heavily disfigured man who is mistreated while scraping a living as a side-show freak. Behind his monstrous façade, there is revealed a person of intelligence and sensitivity.","Anthony Hopkins,John Hurt,Anne Bancroft",2h 4min,"
 $26,010,864, 
        "
8.2,"Three Billboards Outside Ebbing, Missouri ",8.2,Drama,Crime,A mother personally challenges the local authorities to solve her daughter's murder when they fail to catch the culprit.,"Frances McDormand,Woody Harrelson,Sam Rockwell",1h 55min,"
            $15,000,000
            
        "
8.2,On the Waterfront ,8.2,Drama,Crime,An ex-prize fighter turned longshoreman struggles to stand up to his corrupt union bosses.,"Marlon Brando,Karl Malden,Lee J. Cobb",1h 48min,"
            $910,000
            
        "
8.2,The Bridge on the River Kwai ,8.2,Drama,Adventure,"After settling his differences with a Japanese P.O.W. camp commander, a British colonel co-operates to oversee his men's construction of a railway bridge for their captors, while oblivious to a plan by the Allies to destroy it.","William Holden,Alec Guinness,Jack Hawkins",2h 41min,"
 $44,908,000
        "
8.2,The Wolf of Wall Street ,8.2,Crime,Biography,Based on the true story of,"Leonardo DiCaprio,Jonah Hill,Margot Robbie",3h,"
            $100,000,000
            
        "
8.2,Casino ,8.2,Drama,Crime,"A tale of greed, deception, money, power, and murder occur between two best friends: a mafia enforcer and a casino executive, compete against each other over a gambling empire, and over a fast living and fast loving socialite.","Robert De Niro,Sharon Stone,Joe Pesci",2h 58min,"
  Show more on
   »
  "
8.2,A Beautiful Mind ,8.2,Drama,Biography,After,"Russell Crowe,Ed Harris,Jennifer Connelly",2h 15min,"
            $58,000,000
            
        "
8.2,The Seventh Seal ,8.2,Fantasy,Drama,"A man seeks answers about life, death, and the existence of God as he plays chess against the Grim Reaper during the Black Plague.","Max von Sydow,Gunnar Björnstrand,Bengt Ekerot",1h 36min,"
    
      
    "
8.2,"Lock, Stock and Two Smoking Barrels ",8.2,Crime,Comedy,"A botched card game in London triggers four friends, thugs, weed-growers, hard gangsters, loan sharks and debt collectors to collide with each other in a series of unexpected events, all for the sake of weed, cash and two antique shotguns.","Jason Flemyng,Dexter Fletcher,Nick Moran",1h 47min,"
            £960,000
            
        "
8.2,Judgment at Nuremberg ,8.2,War,Drama,"In 1948, an American court in occupied Germany tries four Nazis judged for war crimes.","Spencer Tracy,Burt Lancaster,Richard Widmark",3h 6min,"
 $6,000,000, 
        "
8.2,The Gold Rush ,8.2,Comedy,Adventure,A prospector goes to the Klondike in search of gold and finds it and more.,"Charles Chaplin,Mack Swain,Tom Murray",1h 35min,"
 $5,450,000
        "
8.2,The Secret in Their Eyes ,8.2,Mystery,Drama,A retired legal counselor writes a novel hoping to find closure for one of his past unresolved homicide cases and for his unreciprocated love with his superior - both of which still haunt him decades later.,"Ricardo Darín,Soledad Villamil,Pablo Rago",2h 9min,"
            $2,000,000
            
        "
8.2,Ran ,8.2,Drama,Action,"In Medieval Japan, an elderly warlord retires, handing over his empire to his three sons. However, he vastly underestimates how the new-found power will corrupt them and cause them to turn on each other...and him.","Tatsuya Nakadai,Akira Terao,Jinpachi Nezu",2h 42min,"
             $90,000,
, 
        "
8.2,Inside Out ,8.2,Adventure,Animation,"After young Riley is uprooted from her Midwest life and moved to San Francisco, her emotions - Joy, Fear, Anger, Disgust and Sadness - conflict on how best to navigate a new city, house, and school.","Amy Poehler,Bill Hader,Lewis Black",1h 35min,"
            $175,000,000
            
        "
8.2,Howl's Moving Castle ,8.2,Adventure,Animation,"When an unconfident young woman is cursed with an old body by a spiteful witch, her only chance of breaking the spell lies with a self-indulgent yet insecure young wizard and his companions in his legged, walking castle.","Chieko Baishô,Takuya Kimura,Tatsuya Gashûin",1h 59min,"
             JPY 1,444,469,305
            (Japan),
, 
        "
8.2,My Neighbor Totoro ,8.2,Family,Animation,"When two girls move to the country to be near their ailing mother, they have adventures with the wondrous forest spirits who live nearby.","Hitoshi Takagi,Noriko Hidaka,Chika Sakamoto",1h 26min,"
    
,,      
    "
8.2,The Third Man ,8.2,Mystery,Film-Noir,"Pulp novelist Holly Martins travels to shadowy, postwar Vienna, only to find himself investigating the mysterious death of an old friend, Harry Lime.","Orson Welles,Joseph Cotten,Alida Valli",1h 33min,"
             $13,576,
, 
        "
8.2,Pan's Labyrinth ,8.2,Fantasy,Drama,"In the Falangist Spain of 1944, the bookish young stepdaughter of a sadistic army officer escapes into an eerie but captivating fantasy world.","Ivana Baquero,Ariadna Gil,Sergi López",1h 58min,"
            €13,500,000
            
        "
8.3,Children of Heaven ,8.3,Family,Drama,"After a boy loses his sister's pair of shoes, he goes on a series of adventures in order to find them. When he can't, he tries a new way to ""win"" a new pair.","Mohammad Amir Naji,Amir Farrokh Hashemian,Bahare Seddiqi",1h 29min,"
            $180,000
            
        "
8.2,Chinatown ,8.2,Mystery,Drama,"A private detective hired to expose an adulterer finds himself caught up in a web of deceit, corruption, and murder.","Jack Nicholson,Faye Dunaway,John Huston",2h 10min,"
            $6,000,000
            
        "
8.2,Raging Bull ,8.2,Drama,Biography,The life of boxer,"Robert De Niro,Cathy Moriarty,Joe Pesci",2h 9min,"
             $128,590,
, 
        "
8.2,The Great Escape ,8.2,Drama,Adventure,Allied prisoners of war plan for several hundred of their number to escape from a German camp during World War II.,"Steve McQueen,James Garner,Richard Attenborough",2h 52min,"
 $12,100,000
        "
8.3,Ikiru ,8.3,"25 March 1956 (USA)
",Drama,A bureaucrat tries to find a meaning in his life after he discovers he has terminal cancer.,"Takashi Shimura,Nobuo Kaneko,Shin'ichi Himori",2h 23min,"
 $60,239, 
        "
8.3,Green Book ,8.3,Comedy,Biography,A working-class Italian-American bouncer becomes the driver of an African-American classical pianist on a tour of venues through the 1960s American South.,"Viggo Mortensen,Mahershala Ali,Linda Cardellini",2h 10min,"
            $23,000,000
            
        "
8.3,Incendies ,8.3,Mystery,Drama,Twins journey to the Middle East to discover their family history and fulfill their mother's last wishes.,"Lubna Azabal,Mélissa Désormeaux-Poulin,Maxim Gaudette",2h 11min,"
            $6,800,000
            
        "
8.2,The Treasure of the Sierra Madre ,8.2,Drama,Adventure,"Fred Dobbs and Bob Curtin, two Americans searching for work in Mexico, convince an old prospector to help them mine for gold in the Sierra Madre Mountains.","Humphrey Bogart,Walter Huston,Tim Holt",2h 6min,"
 $5,014,000
        "
8.2,Heat ,8.2,Drama,Crime,A group of professional bank robbers start to feel the heat from police when they unknowingly leave a clue at their latest heist.,"Al Pacino,Robert De Niro,Val Kilmer",2h 50min,"
            $60,000,000
            
        "
8.2,Die Hard ,8.2,Thriller,Action,An NYPD officer tries to save his wife and several others taken hostage by German terrorists during a Christmas party at the Nakatomi Plaza in Los Angeles.,"Bruce Willis,Alan Rickman,Bonnie Bedelia",2h 12min,"
            $28,000,000
            
        "
8.2,Unforgiven ,8.2,Western,Drama,"Retired Old West gunslinger William Munny reluctantly takes on one last job, with the help of his old partner and a young man.","Clint Eastwood,Gene Hackman,Morgan Freeman",2h 10min,"
            $14,400,000
            
        "
8.3,Yojimbo ,8.3,Drama,Action,A crafty ronin comes to a town divided by two criminal gangs and decides to play them against each other to free the town.,"Toshirô Mifune,Eijirô Tôno,Tatsuya Nakadai",1h 50min,"
  Show more on
   »
  "
8.2,Some Like It Hot ,8.2,Music,Comedy,"When two male musicians witness a mob hit, they flee the state in an all-female band disguised as women, but further complications set in.","Marilyn Monroe,Tony Curtis,Jack Lemmon",2h 1min,"
 $25,000,000
        "
8.3,Rashomon ,8.3,Drama,Crime,"The rape of a bride and the murder of her samurai husband are recalled from the perspectives of a bandit, the bride, the samurai's ghost and a woodcutter.","Toshirô Mifune,Machiko Kyô,Masayuki Mori",1h 28min,"
 $96,568, 
        "
8.2,Downfall ,8.2,Drama,Biography,"Traudl Junge, the final secretary for Adolf Hitler, tells of the Nazi dictator's final days in his Berlin bunker at the end of WWII.","Bruno Ganz,Alexandra Maria Lara,Ulrich Matthes",2h 36min,"
            €13,500,000
            
        "
8.2,Indiana Jones and the Last Crusade ,8.2,Adventure,Action,"In 1938, after his father Professor Henry Jones, Sr. goes missing while pursuing the Holy Grail, Professor Henry ""Indiana"" Jones, Jr. finds himself up against","Harrison Ford,Sean Connery,Alison Doody",2h 7min,"
            $48,000,000
            
        "
8.2,Batman Begins ,8.2,Adventure,Action,"After training with his mentor, Batman begins his fight to free crime-ridden Gotham City from corruption.","Christian Bale,Michael Caine,Ken Watanabe",2h 20min,"
            $150,000,000
            
        "
8.3,All About Eve ,8.3,"27 October 1950 (USA)
",Drama,An ingénue insinuates herself into the lives of an established but aging stage actress and her circle of theater friends.,"Bette Davis,Anne Baxter,George Sanders",2h 18min,"
            $1,400,000
            
        "
8.3,A Separation ,8.3,Thriller,Drama,A married couple are faced with a difficult decision - to improve the life of their child by moving to another country or to stay in Iran and look after a deteriorating parent who has Alzheimer's disease.,"Payman Maadi,Leila Hatami,Sareh Bayat",2h 3min,"
            $500,000
            
        "
8.3,Monty Python and the Holy Grail ,8.3,Comedy,Adventure,"King Arthur and his Knights of the Round Table embark on a surreal, low-budget search for the Holy Grail, encountering many, very silly obstacles.","Graham Chapman,John Cleese,Eric Idle",1h 31min,"
             $45,487,
, 
        "
8.3,Metropolis ,8.3,Sci-Fi,Drama,"In a futuristic city sharply divided between the working class and the city planners, the son of the city's mastermind falls in love with a working class prophet who predicts the coming of a savior to mediate their differences.","Brigitte Helm,Alfred Abel,Gustav Fröhlich",2h 33min,"
            DEM 6,000,000
            
        "
8.2,Up ,8.2,Adventure,Animation,"Seventy-eight year old Carl Fredricksen travels to Paradise Falls in his home equipped with balloons, inadvertently taking a young stowaway.","Edward Asner,Jordan Nagai,John Ratzenberger",1h 36min,"
            $175,000,000
            
        "
8.3,L.A. Confidential ,8.3,Drama,Crime,"As corruption grows in 1950s Los Angeles, three policemen -- one strait-laced, one brutal, and one sleazy -- investigate a series of murders with their own brand of justice.","Kevin Spacey,Russell Crowe,Guy Pearce",2h 18min,"
            $35,000,000
            
        "
8.3,Scarface ,8.3,Drama,Crime,"In Miami in 1980, a determined Cuban immigrant takes over a drug cartel and succumbs to greed.","Al Pacino,Michelle Pfeiffer,Steven Bauer",2h 50min,"
             $4,597,536,
, 
        "
8.3,The Apartment ,8.3,Drama,Comedy,"A man tries to rise in his company by letting its executives use his apartment for trysts, but complications and a romance of his own ensue.","Jack Lemmon,Shirley MacLaine,Fred MacMurray",2h 5min,"
 $18,600,000
        "
8.3,For a Few Dollars More ,8.3,"10 May 1967 (USA)
",Western,Two bounty hunters with the same intentions team up to track down a Western outlaw.,"Clint Eastwood,Lee Van Cleef,Gian Maria Volontè",2h 12min,"
 $15,000,000
        "
8.3,Snatch ,8.3,Crime,Comedy,"Unscrupulous boxing promoters, violent bookmakers, a Russian gangster, incompetent amateur robbers and supposedly Jewish jewelers fight to track down a priceless stolen diamond.","Jason Statham,Brad Pitt,Benicio Del Toro",1h 42min,"
            £6,000,000
            
        "
8.3,Toy Story 3 ,8.3,Adventure,Animation,"The toys are mistakenly delivered to a day-care center instead of the attic right before Andy leaves for college, and it's up to Woody to convince the other toys that they weren't abandoned and to return home.","Tom Hanks,Tim Allen,Joan Cusack",1h 43min,"
            $200,000,000
            
        "
8.4,My Father and My Son ,8.4,Family,Drama,The family of a left-wing journalist is torn apart after a military coup in 1980's Turkey.,"Çetin Tekindor,Fikret Kuskan,Hümeyra",1h 48min,"
             $959,727
            (Turkey),

        "
8.3,The Sting ,8.3,Crime,Comedy,Two grifters team up to pull off the ultimate con.,"Paul Newman,Robert Redford,Robert Shaw",2h 9min,"
 $159,600,000
        "
8.3,To Kill a Mockingbird ,8.3,Drama,Crime,"Atticus Finch, a lawyer in the Depression-era South, defends a black man against an undeserved rape charge, and his children against prejudice.","Gregory Peck,John Megna,Frank Overton",2h 9min,"
            $2,000,000
            
        "
8.3,The Kid ,8.3,Drama,Comedy,"The Tramp cares for an abandoned child, but events put that relationship in jeopardy.","Charles Chaplin,Edna Purviance,Jackie Coogan",1h 8min,"
 $5,450,000
        "
8.3,Good Will Hunting ,8.3,Romance,Drama,"Will Hunting, a janitor at M.I.T., has a gift for mathematics, but needs help from a psychologist to find direction in his life.","Robin Williams,Matt Damon,Ben Affleck",2h 6min,"
            $10,000,000
            
        "
8.3,Taxi Driver ,8.3,Drama,Crime,"A mentally unstable veteran works as a nighttime taxi driver in New York City, where the perceived decadence and sleaze fuels his urge for violent action by attempting to liberate a presidential campaign worker and an underage prostitute.","Robert De Niro,Jodie Foster,Cybill Shepherd",1h 54min,"
 $28,262,574
        "
8.3,Bicycle Thieves ,8.3,"13 December 1949 (USA)
",Drama,"In post-war Italy, a working-class man's bicycle is stolen. He and his son set out to find it.","Lamberto Maggiorani,Enzo Staiola,Lianella Carell",1h 29min,"
             $11,845,
, 
        "
8.3,The Hunt ,8.3,"10 January 2013 (Denmark)
",Drama,"A teacher lives a lonely life, all the while struggling over his son's custody. His life slowly gets better as he finds love and receives good news from his son, but his new luck is about to be brutally shattered by an innocent little lie.","Mads Mikkelsen,Thomas Bo Larsen,Annika Wedderkopp",1h 55min,"
            $3,800,000
            
        "
8.3,Amélie ,8.3,Romance,Comedy,"Amélie is an innocent and naive girl in Paris with her own sense of justice. She decides to help those around her and, along the way, discovers love.","Audrey Tautou,Mathieu Kassovitz,Rufus",2h 2min,"
            FRF 77,000,000
            
        "
8.3,North by Northwest ,8.3,Mystery,Adventure,A New York City advertising executive goes on the run after being mistaken for a government agent by a group of foreign spies.,"Cary Grant,Eva Marie Saint,James Mason",2h 16min,"
 $13,275,000
        "
8.3,Inglourious Basterds ,8.3,Drama,Adventure,"In Nazi-occupied France during World War II, a plan to assassinate Nazi leaders by a group of Jewish U.S. soldiers coincides with a theatre owner's vengeful plans for the same.","Brad Pitt,Diane Kruger,Eli Roth",2h 33min,"
            $75,000,000
            
        "
8.3,Double Indemnity ,8.3,Drama,Crime,An insurance representative lets himself be talked into a murder/insurance fraud scheme that arouses the suspicion of an insurance investigator.,"Fred MacMurray,Barbara Stanwyck,Edward G. Robinson",1h 47min,"
            $927,262
            
        "
8.3,Vertigo ,8.3,Romance,Mystery,A former police detective juggles wrestling with his personal demons and becoming obsessed with a hauntingly beautiful woman.,"James Stewart,Kim Novak,Barbara Bel Geddes",2h 8min,"
             $10,783,
, 
        "
8.4,Das Boot ,8.4,Drama,Adventure,"The claustrophobic world of a WWII German U-boat; boredom, filth and sheer terror.","Jürgen Prochnow,Herbert Grönemeyer,Klaus Wennemann",2h 29min,"
            $14,000,000
            
        "
8.4,Once Upon a Time in America ,8.4,Drama,Crime,"A former Prohibition-era Jewish gangster returns to the Lower East Side of Manhattan over thirty years later, where he once again must confront the ghosts and regrets of his old life.","Robert De Niro,James Woods,Elizabeth McGovern",3h 49min,"
             $2,412,014,
, 
        "
8.3,Citizen Kane ,8.3,Mystery,Drama,"Following the death of a publishing tycoon, news reporters scramble to discover the meaning of his final utterance.","Orson Welles,Joseph Cotten,Dorothy Comingore",1h 59min,"
            $839,727
            
        "
8.4,Coco ,8.4,Adventure,Animation,"Aspiring musician Miguel, confronted with his family's ancestral ban on music, enters the Land of the Dead to find his great-great-grandfather, a legendary singer.","Anthony Gonzalez,Gael García Bernal,Benjamin Bratt",1h 45min,"
            $175,000,000
            
        "
8.4,American Beauty ,8.4,"1 October 1999 (USA)
",Drama,A sexually frustrated suburban father has a mid-life crisis after becoming infatuated with his daughter's best friend.,"Kevin Spacey,Annette Bening,Thora Birch",2h 2min,"
            $15,000,000
            
        "
8.4,Braveheart ,8.4,Drama,Biography,"When his secret bride is executed for assaulting an English soldier who tried to rape her, William Wallace begins a revolt against King Edward I of England.","Mel Gibson,Sophie Marceau,Patrick McGoohan",2h 58min,"
            $72,000,000
            
        "
8.4,Oldboy ,8.4,Drama,Action,"After being kidnapped and imprisoned for fifteen years, Oh Dae-Su is released, only to find that he must find his captor in five days.","Min-sik Choi,Ji-tae Yu,Hye-jeong Kang",2h,"
            $3,000,000
            
        "
8.4,Witness for the Prosecution ,8.4,Drama,Crime,A veteran British barrister must defend his client in a murder trial that has surprise after surprise.,"Tyrone Power,Marlene Dietrich,Charles Laughton",1h 56min,"
 $8,175,000
        "
8.4,Aliens ,8.4,Adventure,Action,"Ellen Ripley is rescued by a deep salvage team after being in hypersleep for 57 years. The moon that the Nostromo visited has been colonized, but contact is lost. This time, colonial marines have impressive firepower, but will that be enough?","Sigourney Weaver,Michael Biehn,Carrie Henn",2h 17min,"
            $18,500,000
            
        "
8.4,The Dark Knight Rises ,8.4,Thriller,Action,"Eight years after the Joker's reign of anarchy, Batman, with the help of the enigmatic Catwoman, is forced from his exile to save Gotham City, now on the edge of total annihilation, from the brutal guerrilla terrorist Bane.","Christian Bale,Tom Hardy,Anne Hathaway",2h 44min,"
            $250,000,000
            
        "
8.2,Warrior ,8.2,Sport,Drama,"The youngest son of an alcoholic former boxer returns home, where he's trained by his father for competition in a mixed martial arts tournament - a path that puts the fighter on a collision course with his estranged, older brother.","Tom Hardy,Nick Nolte,Joel Edgerton",2h 20min,"
            $25,000,000
            
        "
8.4,The Shining ,8.4,Horror,Drama,"A family heads to an isolated hotel for the winter where a sinister presence influences the father into violence, while his psychic son sees horrific forebodings from both past and future.","Jack Nicholson,Shelley Duvall,Danny Lloyd",2h 26min,"
            $19,000,000
            
        "
8.4,Django Unchained ,8.4,Western,Drama,"With the help of a German bounty hunter, a freed slave sets out to rescue his wife from a brutal Mississippi plantation owner.","Jamie Foxx,Christoph Waltz,Leonardo DiCaprio",2h 45min,"
            $100,000,000
            
        "
8.4,Princess Mononoke ,8.4,Adventure,Animation,"On a journey to find the cure for a Tatarigami's curse, Ashitaka finds himself in the middle of a war between the forest gods and Tatara, a mining colony. In this quest he also meets San, the Mononoke Hime.","Yôji Matsuda,Yuriko Ishida,Yûko Tanaka",2h 14min,"
             $144,446,
, 
        "
8.4,Paths of Glory ,8.4,War,Drama,"After refusing to attack an enemy position, a general accuses the soldiers of cowardice and their commanding officer must defend them.","Kirk Douglas,Ralph Meeker,Adolphe Menjou",1h 28min,"
    
      
    "
8.3,Full Metal Jacket ,8.3,War,Drama,A pragmatic U.S. Marine observes the dehumanizing effects the Vietnam War has on his fellow recruits from their brutal boot camp training to the bloody street fighting in Hue.,"Matthew Modine,R. Lee Ermey,Vincent D'Onofrio",1h 56min,"
             $2,217,307,
, 
        "
8.4,The Lives of Others ,8.4,Thriller,Drama,"In 1984 East Berlin, an agent of the secret police, conducting surveillance on a writer and his lover, finds himself becoming increasingly absorbed by their lives.","Ulrich Mühe,Martina Gedeck,Sebastian Koch",2h 17min,"
            $2,000,000
            
        "
8.5,Spider-Man: Into the Spider-Verse ,8.5,Action,Animation,"Teen Miles Morales becomes Spider-Man of his reality, crossing his path with five counterparts from other dimensions to stop a threat for all realities.","Shameik Moore,Jake Johnson,Hailee Steinfeld",1h 57min,"
             $35,363,376,
, 
        "
8.4,Sunset Boulevard ,8.4,Film-Noir,Drama,A screenwriter develops a dangerous relationship with a faded film star determined to make a triumphant return.,"William Holden,Gloria Swanson,Erich von Stroheim",1h 50min,"
 $5,123,000, 
        "
8.4,WALL·E ,8.4,Adventure,Animation,"In the distant future, a small waste-collecting robot inadvertently embarks on a space journey that will ultimately decide the fate of mankind.","Ben Burtt,Elissa Knight,Jeff Garlin",1h 38min,"
            $180,000,000
            
        "
8.5,The Great Dictator ,8.5,Drama,Comedy,Dictator Adenoid Hynkel tries to expand his empire while a poor Jewish barber tries to avoid persecution from Hynkel's regime.,"Charles Chaplin,Paulette Goddard,Jack Oakie",2h 5min,"
 $5,000,000, 
        "
8.5,Avengers: Infinity War ,8.5,Adventure,Action,The Avengers and their allies must be willing to sacrifice all in an attempt to defeat the powerful Thanos before his blitz of devastation and ruin puts an end to the universe.,"Robert Downey Jr.,Chris Hemsworth,Mark Ruffalo",2h 29min,"
            $321,000,000
            
        "
8.5,Alien ,8.5,Sci-Fi,Horror,"After a space merchant vessel perceives an unknown transmission as a distress call, its landing on the source moon finds one of the crew attacked by a mysterious lifeform, and they soon realize that its life cycle has merely begun.","Sigourney Weaver,Tom Skerritt,John Hurt",1h 57min,"
            $11,000,000
            
        "
8.5,Grave of the Fireflies ,8.5,Drama,Animation,A young boy and his little sister struggle to survive in Japan during World War II.,"Tsutomu Tatsumi,Ayano Shiraishi,Akemi Yamaguchi",1h 29min,"
  Show more on
   »
  "
8.5,Apocalypse Now ,8.5,War,Drama,A U.S. Army officer serving in Vietnam is tasked with assassinating a renegade Special Forces Colonel who sees himself as a god.,"Martin Sheen,Marlon Brando,Robert Duvall",2h 27min,"
            $31,500,000
            
        "
8.5,The Prestige ,8.5,Mystery,Drama,"After a tragic accident, two stage magicians engage in a battle to create the ultimate illusion while sacrificing everything they have to outwit each other.","Christian Bale,Hugh Jackman,Scarlett Johansson",2h 10min,"
            $40,000,000
            
        "
8.5,Memento ,8.5,Thriller,Mystery,A man with short-term memory loss attempts to track down his wife's murderer.,"Guy Pearce,Carrie-Anne Moss,Joe Pantoliano",1h 53min,"
            $9,000,000
            
        "
8.5,Raiders of the Lost Ark ,8.5,Adventure,Action,"In 1936, archaeologist and adventurer Indiana Jones is hired by the U.S. government to find the Ark of the Covenant before","Harrison Ford,Karen Allen,Paul Freeman",1h 55min,"
            $18,000,000
            
        "
8.5,Gladiator ,8.5,Adventure,Action,A former Roman General sets out to exact vengeance against the corrupt emperor who murdered his family and sent him into slavery.,"Russell Crowe,Joaquin Phoenix,Connie Nielsen",2h 35min,"
            $103,000,000
            
        "
8.5,Rear Window ,8.5,Thriller,Mystery,A wheelchair-bound photographer spies on his neighbors from his apartment window and becomes convinced one of them has committed murder.,"James Stewart,Grace Kelly,Wendell Corey",1h 52min,"
             $234,258,
, 
        "
8.5,The Lion King ,8.5,Adventure,Animation,"A Lion cub crown prince is tricked by a treacherous uncle into thinking he caused his father's death and flees into exile in despair, only to learn in adulthood his identity and his responsibilities.","Matthew Broderick,Jeremy Irons,James Earl Jones",1h 28min,"
            $45,000,000
            
        "
8.5,Terminator 2: Judgment Day ,8.5,Sci-Fi,Action,"A cyborg, identical to the one who failed to kill Sarah Connor, must now protect her teenage son, John Connor, from a more advanced and powerful cyborg.","Arnold Schwarzenegger,Linda Hamilton,Edward Furlong",2h 17min,"
            $102,000,000
            
        "
8.5,Back to the Future ,8.5,Comedy,Adventure,"Marty McFly, a 17-year-old high school student, is accidentally sent thirty years into the past in a time-traveling DeLorean invented by his close friend, the maverick scientist Doc Brown.","Michael J. Fox,Christopher Lloyd,Lea Thompson",1h 56min,"
            $19,000,000
            
        "
8.5,The Intouchables ,8.5,Comedy,Biography,"After he becomes a quadriplegic from a paragliding accident, an aristocrat hires a young man from the projects to be his caregiver.","François Cluzet,Omar Sy,Anne Le Ny",1h 52min,"
            €9,500,000
            
        "
8.5,Whiplash ,8.5,Music,Drama,A promising young drummer enrolls at a cut-throat music conservatory where his dreams of greatness are mentored by an instructor who will stop at nothing to realize a student's potential.,"Miles Teller,J.K. Simmons,Melissa Benoist",1h 46min,"
            $3,300,000
            
        "
8.5,Once Upon a Time in the West ,8.5,"4 July 1969 (USA)
",Western,A mysterious stranger with a harmonica joins forces with a notorious desperado to protect a beautiful widow from a ruthless assassin working for the railroad.,"Henry Fonda,Charles Bronson,Claudia Cardinale",2h 45min,"
 $5,321,508, 
        "
8.5,Modern Times ,8.5,Drama,Comedy,The Tramp struggles to live in modern industrial society with the help of a young homeless woman.,"Charles Chaplin,Paulette Goddard,Henry Bergman",1h 27min,"
             $11,507,
, 
        "
8.5,The Departed ,8.5,Drama,Crime,An undercover cop and a mole in the police attempt to identify each other while infiltrating an Irish gang in South Boston.,"Leonardo DiCaprio,Matt Damon,Jack Nicholson",2h 31min,"
            $90,000,000
            
        "
8.5,Casablanca ,8.5,Romance,Drama,A cynical American expatriate struggles to decide whether or not he should help his former lover and her fugitive husband escape French Morocco.,"Humphrey Bogart,Ingrid Bergman,Paul Henreid",1h 42min,"
            $950,000
            
        "
8.5,Cinema Paradiso ,8.5,"23 February 1990 (USA)
",Drama,A filmmaker recalls his childhood when falling in love with the pictures at the cinema of his home village and forms a deep friendship with the cinema's projectionist.,"Philippe Noiret,Enzo Cannavale,Antonella Attili",2h 35min,"
            $5,000,000
            
        "
8.5,The Pianist ,8.5,Drama,Biography,A Polish Jewish musician struggles to survive the destruction of the Warsaw ghetto of World War II.,"Adrien Brody,Thomas Kretschmann,Frank Finlay",2h 30min,"
            $35,000,000
            
        "
8.5,American History X ,8.5,"20 November 1998 (USA)
",Drama,A former neo-nazi skinhead tries to prevent his younger brother from going down the same wrong path that he did.,"Edward Norton,Edward Furlong,Beverly D'Angelo",1h 59min,"
            $7,500,000
            
        "
8.5,Psycho ,8.5,Mystery,Horror,"A Phoenix secretary embezzles forty thousand dollars from her employer's client, goes on the run, and checks into a remote motel run by a young man under the domination of his mother.","Anthony Perkins,Janet Leigh,Vera Miles",1h 49min,"
 $32,000,000
        "
8.6,The Green Mile ,8.6,Drama,Crime,"The lives of guards on Death Row are affected by one of their charges: a black man accused of child murder and rape, yet who has a mysterious gift.","Tom Hanks,Michael Clarke Duncan,David Morse",3h 9min,"
            $60,000,000
            
        "
8.5,City Lights ,8.5,Drama,Comedy,"With the aid of a wealthy erratic tippler, a dewy-eyed tramp who has fallen in love with a sightless flower girl accumulates money to be able to help her medically.","Charles Chaplin,Virginia Cherrill,Florence Lee",1h 27min,"
 $19,181, 
        "
8.6,Interstellar ,8.6,Drama,Adventure,A team of explorers travel through a wormhole in space in an attempt to ensure humanity's survival.,"Matthew McConaughey,Anne Hathaway,Jessica Chastain",2h 49min,"
            $165,000,000
            
        "
8.6,The Usual Suspects ,8.6,Mystery,Crime,"A sole survivor tells of the twisty events leading up to a horrific gun battle on a boat, which began when five criminals met at a seemingly random police lineup.","Kevin Spacey,Gabriel Byrne,Chazz Palminteri",1h 46min,"
            $6,000,000
            
        "
8.6,Spirited Away ,8.6,Adventure,Animation,"During her family's move to the suburbs, a sullen 10-year-old girl wanders into a world ruled by gods, witches, and spirits, and where humans are changed into beasts.","Daveigh Chase,Suzanne Pleshette,Miyu Irino",2h 5min,"
             $8,898,000
            (Japan),
, 
        "
8.6,The Silence of the Lambs ,8.6,Drama,Crime,"A young F.B.I. cadet must receive the help of an incarcerated and manipulative cannibal killer to help catch another serial killer, a madman who skins his victims.","Jodie Foster,Anthony Hopkins,Lawrence A. Bonney",1h 58min,"
            $19,000,000
            
        "
8.6,Life Is Beautiful ,8.6,Drama,Comedy,"When an open-minded Jewish librarian and his son become victims of the Holocaust, he uses a perfect mixture of will, humor, and imagination to protect his son from the dangers around their camp.","Roberto Benigni,Nicoletta Braschi,Giorgio Cantarini",1h 56min,"
            $20,000,000
            
        "
8.6,Saving Private Ryan ,8.6,War,Drama,"Following the Normandy Landings, a group of U.S. soldiers go behind enemy lines to retrieve a paratrooper whose brothers have been killed in action.","Tom Hanks,Matt Damon,Tom Sizemore",2h 49min,"
            $70,000,000
            
        "
8.6,It's a Wonderful Life ,8.6,Family,Drama,An angel is sent from Heaven to help a desperately frustrated businessman by showing him what life would have been like if he had never existed.,"James Stewart,Donna Reed,Lionel Barrymore",2h 10min,"
    
      
    "
8.6,Léon: The Professional ,8.6,Crime,Action,"Mathilda, a 12-year-old girl, is reluctantly taken in by Léon, a professional assassin, after her family is murdered. Léon and Mathilda form an unusual relationship, as she becomes his protégée and learns the assassin's trade.","Jean Reno,Gary Oldman,Natalie Portman",1h 50min,"
             $5,306,558,
, 
        "
8.6,Se7en ,8.6,Drama,Crime,"Two detectives, a rookie and a veteran, hunt a serial killer who uses the seven deadly sins as his motives.","Morgan Freeman,Brad Pitt,Kevin Spacey",2h 7min,"
            $33,000,000
            
        "
8.6,City of God ,8.6,Drama,Crime,"In the slums of Rio, two kids' paths diverge as one struggles to become a photographer and the other a kingpin.","Alexandre Rodrigues,Leandro Firmino,Matheus Nachtergaele",2h 10min,"
            $3,300,000
            
        "
8.7,Seven Samurai ,8.7,Drama,Adventure,A poor village under attack by bandits recruits seven unemployed samurai to help them defend themselves.,"Toshirô Mifune,Takashi Shimura,Keiko Tsushima",3h 27min,"
             $21,830,
, 
        "
8.8,Avengers: Endgame ,8.8,Adventure,Action,After the devastating events of,"Robert Downey Jr.,Chris Evans,Mark Ruffalo",3h 1min,"
            $356,000,000
            
        "
8.7,Goodfellas ,8.7,Crime,Biography,"The story of Henry Hill and his life in the mob, covering his relationship with his wife Karen Hill and his mob partners Jimmy Conway and Tommy DeVito in the Italian-American crime syndicate.","Robert De Niro,Ray Liotta,Joe Pesci",2h 26min,"
            $25,000,000
            
        "
8.6,Star Wars: Episode IV - A New Hope ,8.6,Adventure,Action,"Luke Skywalker joins forces with a Jedi Knight, a cocky pilot, a Wookiee and two droids to save the galaxy from the Empire's world-destroying battle station, while also attempting to rescue Princess Leia from the mysterious Darth Vader.","Mark Hamill,Harrison Ford,Carrie Fisher",2h 1min,"
            $11,000,000
            
        "
8.7,One Flew Over the Cuckoo's Nest ,8.7,"19 November 1975 (USA)
",Drama,A criminal pleads insanity after getting into trouble again and once in the mental institution rebels against the oppressive nurse and rallies up the scared patients.,"Jack Nicholson,Louise Fletcher,Will Sampson",2h 13min,"
             $99,761,
, 
        "
8.7,The Lord of the Rings: The Two Towers ,8.7,Drama,Adventure,"While Frodo and Sam edge closer to Mordor with the help of the shifty Gollum, the divided fellowship makes a stand against Sauron's new ally, Saruman, and his hordes of Isengard.","Elijah Wood,Ian McKellen,Viggo Mortensen",2h 59min,"
            $94,000,000
            
        "
8.8,Inception ,8.8,Adventure,Action,A thief who steals corporate secrets through the use of dream-sharing technology is given the inverse task of planting an idea into the mind of a C.E.O.,"Leonardo DiCaprio,Joseph Gordon-Levitt,Ellen Page",2h 28min,"
            $160,000,000
            
        "
8.7,Star Wars: Episode V - The Empire Strikes Back ,8.7,Adventure,Action,"After the Rebels are brutally overpowered by the Empire on the ice planet Hoth, Luke Skywalker begins Jedi training with Yoda, while his friends are pursued by Darth Vader.","Mark Hamill,Harrison Ford,Carrie Fisher",2h 4min,"
            $18,000,000
            
        "
8.8,Forrest Gump ,8.8,Romance,Drama,"The presidencies of Kennedy and Johnson, the events of Vietnam, Watergate, and other history unfold through the perspective of an Alabama man with an IQ of 75.","Tom Hanks,Robin Wright,Gary Sinise",2h 22min,"
            $55,000,000
            
        "
8.8,The Lord of the Rings: The Fellowship of the Ring ,8.8,Drama,Adventure,A meek Hobbit from the Shire and eight companions set out on a journey to destroy the powerful One Ring and save Middle-earth from the Dark Lord Sauron.,"Elijah Wood,Ian McKellen,Orlando Bloom",2h 58min,"
            $93,000,000
            
        "
8.8,Fight Club ,8.8,"15 October 1999 (USA)
",Drama,"An insomniac office worker and a devil-may-care soapmaker form an underground fight club that evolves into something much, much more.","Brad Pitt,Edward Norton,Meat Loaf",2h 19min,"
            $63,000,000
            
        "
8.8,"The Good, the Bad and the Ugly ",8.8,"29 December 1967 (USA)
",Western,A bounty hunting scam joins two men in an uneasy alliance against a third in a race to find a fortune in gold buried in a remote cemetery.,"Clint Eastwood,Eli Wallach,Lee Van Cleef",2h 58min,"
 $6,100,000
        "
8.9,Pulp Fiction ,8.9,Drama,Crime,"The lives of two mob hitmen, a boxer, a gangster & his wife, and a pair of diner bandits intertwine in four tales of violence and redemption.","John Travolta,Uma Thurman,Samuel L. Jackson",2h 34min,"
            $8,000,000
            
        "
8.9,The Lord of the Rings: The Return of the King ,8.9,Drama,Adventure,Gandalf and Aragorn lead the World of Men against Sauron's army to draw his gaze from Frodo and Sam as they approach Mount Doom with the One Ring.,"Elijah Wood,Viggo Mortensen,Ian McKellen",3h 21min,"
            $94,000,000
            
        "
8.7,The Matrix ,8.7,Sci-Fi,Action,A computer hacker learns from mysterious rebels about the true nature of his reality and his role in the war against its controllers.,"Keanu Reeves,Laurence Fishburne,Carrie-Anne Moss",2h 16min,"
            $63,000,000
            
        "
8.9,Schindler's List ,8.9,Drama,Biography,"In German-occupied Poland during World War II, industrialist","Liam Neeson,Ralph Fiennes,Ben Kingsley",3h 15min,"
            $22,000,000
            
        "
8.9,12 Angry Men ,8.9,"10 April 1957 (USA)
",Drama,A jury holdout attempts to prevent a miscarriage of justice by forcing his colleagues to reconsider the evidence.,"Henry Fonda,Lee J. Cobb,Martin Balsam",1h 36min,"
            $350,000
            
        "
9.2,The Godfather ,9.2,Drama,Crime,The aging patriarch of an organized crime dynasty transfers control of his clandestine empire to his reluctant son.,"Marlon Brando,Al Pacino,James Caan",2h 55min,"
            $6,000,000
            
        "
9.0,The Dark Knight ,9.0,Crime,Action,"When the menace known as The Joker emerges from his mysterious past, he wreaks havoc and chaos on the people of Gotham. The Dark Knight must accept one of the greatest psychological and physical tests of his ability to fight injustice.","Christian Bale,Heath Ledger,Aaron Eckhart",2h 32min,"
            $185,000,000
            
        "
9.0,The Godfather: Part II ,9.0,Drama,Crime,"The early life and career of Vito Corleone in 1920s New York City is portrayed, while his son, Michael, expands and tightens his grip on the family crime syndicate.","Al Pacino,Robert De Niro,Robert Duvall",3h 22min,"
            $13,000,000
            
        "
8.4,Dr. Strangelove or: How I Learned to Stop Worrying and Love the Bomb ,8.4,"29 January 1964 (USA)
",Comedy,An insane general triggers a path to nuclear holocaust that a War Room full of politicians and generals frantically tries to stop.,"Peter Sellers,George C. Scott,Sterling Hayden",1h 35min,"
             $11,751,
, 
        "
